sag_id	species
230810M-S-XXM-P11__PA-AACCGTACGACGACAATAACACT	UNCLASSIFIED
230810M-S-XXM-P11__PA-AACTAGATCGCGAACGCGCATAG	UNCLASSIFIED
230810M-S-XXM-P11__PA-AAGCAACGCACGATATGCTCTTG	UNCLASSIFIED
230810M-S-XXM-P11__PA-AAGGTCCAGACGAACAGTCTGAG	UNCLASSIFIED
230810M-S-XXM-P11__PA-AAGTCGCACTGAACCGGACATC	UNCLASSIFIED
230810M-S-XXM-P11__PA-AATTATATGTCGAACGCGTCAAT	UNCLASSIFIED
230810M-S-XXM-P11__PA-ACATTGATCTGATGTGATGGCG	UNCLASSIFIED
230810M-S-XXM-P11__PA-ACCATATCACGATAGATCGCGA	UNCLASSIFIED
230810M-S-XXM-P11__PA-ACCATCAGATAGTGCAGCGGA	UNCLASSIFIED
230810M-S-XXM-P11__PA-ACCTCTAGGTGAGTCGATTCGT	UNCLASSIFIED
230810M-S-XXM-P11__PA-ACCTGGTCTCCGACGTATTGTAA	UNCLASSIFIED
230810M-S-XXM-P11__PA-ACCTTCATGTATTGCGTTCG	UNCLASSIFIED
230810M-S-XXM-P11__PA-ACGCATATACGACATATCGGCC	UNCLASSIFIED
230810M-S-XXM-P11__PA-ACTAACGCACCCTGAGTCTA	UNCLASSIFIED
230810M-S-XXM-P11__PA-AGAGAGTTCAGCGACCGTGG	UNCLASSIFIED
230810M-S-XXM-P11__PA-AGCGCGTTCTGATACACTAGTC	UNCLASSIFIED
230810M-S-XXM-P11__PA-AGGAGAATGCAGCCGACTGCC	UNCLASSIFIED
230810M-S-XXM-P11__PA-AGGCAGCTGAAAACTTATTAA	UNCLASSIFIED
230810M-S-XXM-P11__PA-AGGCAGCTGAATCACACAAGG	UNCLASSIFIED
230810M-S-XXM-P11__PA-AGGTACTACACGAACAATCACCG	UNCLASSIFIED
230810M-S-XXM-P11__PA-AGGTCGGATTAGTGCAGCGGA	UNCLASSIFIED
230810M-S-XXM-P11__PA-AGTACGGACGCGATGTGCTT	UNCLASSIFIED
230810M-S-XXM-P11__PA-AGTATTACAAAAGGAATCTGC	UNCLASSIFIED
230810M-S-XXM-P11__PA-AGTGGCTCGAAGTCCGTAATC	UNCLASSIFIED
230810M-S-XXM-P11__PA-ATAACGTCGTGATTGCTTATAA	UNCLASSIFIED
230810M-S-XXM-P11__PA-ATAGCTGCACCGACTGGCACACA	UNCLASSIFIED
230810M-S-XXM-P11__PA-ATATCTTCAGCGAATAAGACTCT	UNCLASSIFIED
230810M-S-XXM-P11__PA-ATATGCGTAAAGCTTGTGTC	UNCLASSIFIED
230810M-S-XXM-P11__PA-ATCAGCTGCTCTTGCAACAA	UNCLASSIFIED
230810M-S-XXM-P11__PA-ATCGTATTGCTGTAGCTTCA	UNCLASSIFIED
230810M-S-XXM-P11__PA-ATCTAGACGAAGAACTAGGCT	UNCLASSIFIED
230810M-S-XXM-P11__PA-ATGAGGAAGTGAAGTCGGCATT	UNCLASSIFIED
230810M-S-XXM-P11__PA-ATGATATGCCGAATCTCTCGGA	UNCLASSIFIED
230810M-S-XXM-P11__PA-ATGGAACCAAGAGGTCTCCT	CAG-492_sp000434335
230810M-S-XXM-P11__PA-ATGGCTTCATATCGGCTGAA	UNCLASSIFIED
230810M-S-XXM-P11__PA-ATGTGCCTGGCGAATCTGTGTAC	UNCLASSIFIED
230810M-S-XXM-P11__PA-ATGTTGAACCCGTGGACCAT	UNCLASSIFIED
230810M-S-XXM-P11__PA-ATTAGTGTCGCGACACACTGCAT	UNCLASSIFIED
230810M-S-XXM-P11__PA-CACTAACATACGATACCACGTAC	UNCLASSIFIED
230810M-S-XXM-P11__PA-CAGCAGTATAAGCCGAGGCA	UNCLASSIFIED
230810M-S-XXM-P11__PA-CAGGACGCACGGACTCGCGT	CAG-492_sp000434335
230810M-S-XXM-P11__PA-CAGGTGTCGAGTAGCACGGC	UNCLASSIFIED
230810M-S-XXM-P11__PA-CATCGAATGCCCGTCTCGCT	UNCLASSIFIED
230810M-S-XXM-P11__PA-CCGCAGGACAGCACTAATTC	UNCLASSIFIED
230810M-S-XXM-P11__PA-CCGCCAATCGGAGATAGGCGAT	CAG-492_sp000434335
230810M-S-XXM-P11__PA-CCGTCACTGGATGAAGGTGT	UNCLASSIFIED
230810M-S-XXM-P11__PA-CCGTGAAGTCGACGACCAACCG	UNCLASSIFIED
230810M-S-XXM-P11__PA-CCTCCGATCCGATGTTCGTCGT	UNCLASSIFIED
230810M-S-XXM-P11__PA-CGACAACAGCCGACCGACAACGC	UNCLASSIFIED
230810M-S-XXM-P11__PA-CGAGCAATAAAATCTGCAGAG	UNCLASSIFIED
230810M-S-XXM-P11__PA-CGAGCAATAAACGGCGCTGCT	UNCLASSIFIED
230810M-S-XXM-P11__PA-CGCAGGATCTGGTGAGGTCA	UNCLASSIFIED
230810M-S-XXM-P11__PA-CGCGTCCTTGAACCACCACGG	UNCLASSIFIED
230810M-S-XXM-P11__PA-CGCGTCCTTGATCTCGTCTTA	UNCLASSIFIED
230810M-S-XXM-P11__PA-CGCTGACCTCTCACGGTACA	CAG-492_sp000434335
230810M-S-XXM-P11__PA-CGGATACGCGGGCACGGCTG	UNCLASSIFIED
230810M-S-XXM-P11__PA-CGGCAATCAAGACATATCGGCC	UNCLASSIFIED
230810M-S-XXM-P11__PA-CGGCAGCCACGAGCCGCAAGCG	UNCLASSIFIED
230810M-S-XXM-P11__PA-CGGCAGCTCTGAGCACCGAATC	UNCLASSIFIED
230810M-S-XXM-P11__PA-CGTAATGCGACGAATTGCGTTCG	UNCLASSIFIED
230810M-S-XXM-P11__PA-CGTGCGCATAGTCGGTAAGA	CAG-492_sp000434335
230810M-S-XXM-P11__PA-CGTGGAGAGTACCATCGATGG	UNCLASSIFIED
230810M-S-XXM-P11__PA-CTAATGGAGAACTAGCTATAC	UNCLASSIFIED
230810M-S-XXM-P11__PA-CTATACTACTTGTAGCTTCA	UNCLASSIFIED
230810M-S-XXM-P11__PA-CTATGGAAGTGACACTTGTAAG	UNCLASSIFIED
230810M-S-XXM-P11__PA-CTCCGTGTAGCGAGGTACCTTAA	UNCLASSIFIED
230810M-S-XXM-P11__PA-CTCTACAGTGACACGCGCACC	UNCLASSIFIED
230810M-S-XXM-P11__PA-CTGCACAGTTAGGCACGGCTG	UNCLASSIFIED
230810M-S-XXM-P11__PA-CTGCACGCCAAAAGCGTCCTA	CAG-492_sp000434335
230810M-S-XXM-P11__PA-CTTAAGTATGACGTGGACCAT	UNCLASSIFIED
230810M-S-XXM-P11__PA-CTTCTAGGCTGCATAATGCG	UNCLASSIFIED
230810M-S-XXM-P11__PA-GAAGGATCGTCGACGTCGTATTG	UNCLASSIFIED
230810M-S-XXM-P11__PA-GAATAAGCGGCGAGCATAATGCG	UNCLASSIFIED
230810M-S-XXM-P11__PA-GAATCCGATCATGTACCGTG	UNCLASSIFIED
230810M-S-XXM-P11__PA-GACATAAGTGCGAATTAAGACTG	UNCLASSIFIED
230810M-S-XXM-P11__PA-GACCGTGTCGTGTTCGTCGT	UNCLASSIFIED
230810M-S-XXM-P11__PA-GACGATCGCAATTGTACAATA	UNCLASSIFIED
230810M-S-XXM-P11__PA-GAGACTCTTCATGAGTTCAC	UNCLASSIFIED
230810M-S-XXM-P11__PA-GAGGCCGCTGCGACAAGTAACCA	UNCLASSIFIED
230810M-S-XXM-P11__PA-GCACAGTATGCGAATGTACCGTG	CAG-492_sp000434335
230810M-S-XXM-P11__PA-GCAGCCACCTATAACACGATT	UNCLASSIFIED
230810M-S-XXM-P11__PA-GCAGTGTTCCGATACACATGAC	UNCLASSIFIED
230810M-S-XXM-P11__PA-GCCATGTTAAAGCACTAATTC	UNCLASSIFIED
230810M-S-XXM-P11__PA-GCCTCGTGGTCGAAGACAAGAAC	UNCLASSIFIED
230810M-S-XXM-P11__PA-GCGACGCTACCGATGGCTCAGCA	UNCLASSIFIED
230810M-S-XXM-P11__PA-GCGAGGCGTGTCCGATTCGA	UNCLASSIFIED
230810M-S-XXM-P11__PA-GCGTCATCCTAAGCGATGCAT	UNCLASSIFIED
230810M-S-XXM-P11__PA-GCGTGCATTATGAAGCAGAT	CAG-492_sp000434335
230810M-S-XXM-P11__PA-GCTAGGCACAGAGGATCGCTGT	UNCLASSIFIED
230810M-S-XXM-P11__PA-GCTATACAAGAGCGTGCTGTG	UNCLASSIFIED
230810M-S-XXM-P11__PA-GGCAAGGCAAGAATTCGGAACA	UNCLASSIFIED
230810M-S-XXM-P11__PA-GGCGTCTCGCGATCTCGTCTTA	UNCLASSIFIED
230810M-S-XXM-P11__PA-GGCGTCTCGCGATTGTACAATA	UNCLASSIFIED
230810M-S-XXM-P11__PA-GGCTCTACAAGAGCGTGCTGTG	UNCLASSIFIED
230810M-S-XXM-P11__PA-GGCTGCCTGTCGATTGCGCAAGT	UNCLASSIFIED
230810M-S-XXM-P11__PA-GGCTGCGAACCGAAGTCGGCATT	UNCLASSIFIED
230810M-S-XXM-P11__PA-GGTACGACCGCGAGCGACCGTGG	UNCLASSIFIED
230810M-S-XXM-P11__PA-GGTATAGATCAAGCCTACCAA	UNCLASSIFIED
230810M-S-XXM-P11__PA-GGTATTAGGCCGAGGTTGCACTC	CAG-492_sp000434335
230810M-S-XXM-P11__PA-GGTCCTCCGTGCATCCGAGT	UNCLASSIFIED
230810M-S-XXM-P11__PA-GGTCGCAAGTCGATAGAGCCTTC	UNCLASSIFIED
230810M-S-XXM-P11__PA-GGTGTGCTGACGACGCATATGTT	UNCLASSIFIED
230810M-S-XXM-P11__PA-GGTGTGCTGACGAGTCGCGTTCA	CAG-492_sp000434335
230810M-S-XXM-P11__PA-GTATCACCGTAACAGTCAAG	UNCLASSIFIED
230810M-S-XXM-P11__PA-GTATCTAACCGAGTTGTTGTGA	CAG-492_sp000434335
230810M-S-XXM-P11__PA-GTATTCGGCCCGAGACTGCGTAA	UNCLASSIFIED
230810M-S-XXM-P11__PA-GTGAAGGCCTACTTATGTAGT	CAG-492_sp000434335
230810M-S-XXM-P11__PA-GTGACAGTAGCGACACCGTAACT	UNCLASSIFIED
230810M-S-XXM-P11__PA-GTGGCAAGATGACATTGGAGGA	CAG-492_sp000434335
230810M-S-XXM-P11__PA-GTGGTGATAAGCGTGACTTG	UNCLASSIFIED
230810M-S-XXM-P11__PA-GTGTGAAGTGGAGCATCCGAGT	UNCLASSIFIED
230810M-S-XXM-P11__PA-GTTACTTATGGATACTGCGGTG	UNCLASSIFIED
230810M-S-XXM-P11__PA-GTTGCTGGATGAGGTGCAGTCT	UNCLASSIFIED
230810M-S-XXM-P11__PA-GTTGTAACACCGAATGAAGGTGT	UNCLASSIFIED
230810M-S-XXM-P11__PA-TAAGTCCAGTCGAATTACCAGAA	UNCLASSIFIED
230810M-S-XXM-P11__PA-TACCGCTCAGGAGACCATGAAG	CAG-492_sp000434335
230810M-S-XXM-P11__PA-TACCTCTACCCGAATCTGTGTAC	UNCLASSIFIED
230810M-S-XXM-P11__PA-TACGGACAGGGAGTTGAGGTTG	UNCLASSIFIED
230810M-S-XXM-P11__PA-TAGACGCGTCAATGACGGCC	UNCLASSIFIED
230810M-S-XXM-P11__PA-TAGATATGGACACGTGGTAG	UNCLASSIFIED
230810M-S-XXM-P11__PA-TAGCGTTGACCGATGGCTCAGCA	UNCLASSIFIED
230810M-S-XXM-P11__PA-TAGGCTCTCCTGGCCTTCCG	UNCLASSIFIED
230810M-S-XXM-P11__PA-TATGATTATCAGTAGAGTAA	UNCLASSIFIED
230810M-S-XXM-P11__PA-TATTATCAGAATCCACTGTCA	UNCLASSIFIED
230810M-S-XXM-P11__PA-TCAAGACCGGATGAATTGCAT	UNCLASSIFIED
230810M-S-XXM-P11__PA-TCAGAGAGCCATGGCCTTCCG	UNCLASSIFIED
230810M-S-XXM-P11__PA-TCATGTGTACCGAATAGCCGATG	UNCLASSIFIED
230810M-S-XXM-P11__PA-TCCAATTATAATGTGATGGCG	UNCLASSIFIED
230810M-S-XXM-P11__PA-TCGACTGGACAACGGATTGT	UNCLASSIFIED
230810M-S-XXM-P11__PA-TCGACTTCTCCGAGGACTCGCGT	CAG-492_sp000434335
230810M-S-XXM-P11__PA-TCGCGTGACAGAGGCTTCGTTC	UNCLASSIFIED
230810M-S-XXM-P11__PA-TCGCTAAGAGCGACCGTAAGTGT	UNCLASSIFIED
230810M-S-XXM-P11__PA-TCGCTATCGGAAGCCGAGGCA	CAG-492_sp000434335
230810M-S-XXM-P11__PA-TCGCTTCAGTCGATTGTACAATA	UNCLASSIFIED
230810M-S-XXM-P11__PA-TCGTCGTCGCCGACAAGTGCGGT	UNCLASSIFIED
230810M-S-XXM-P11__PA-TCGTCGTCGCCGAGCGACCGTGG	UNCLASSIFIED
230810M-S-XXM-P11__PA-TCGTGCCTGTACACCTCCAGA	UNCLASSIFIED
230810M-S-XXM-P11__PA-TCGTTAGTCTAGTCGGATGAC	UNCLASSIFIED
230810M-S-XXM-P11__PA-TCGTTCTGCCAAACACCAGAC	UNCLASSIFIED
230810M-S-XXM-P11__PA-TCTGAGCTCTGACATTGGAGGA	UNCLASSIFIED
230810M-S-XXM-P11__PA-TCTGGTGCGACCGCAGCAAG	UNCLASSIFIED
230810M-S-XXM-P11__PA-TGAATCTAAGGGAAGCAATG	UNCLASSIFIED
230810M-S-XXM-P11__PA-TGATACGCCAGAGTTATAGGTG	UNCLASSIFIED
230810M-S-XXM-P11__PA-TGCCGTCGATAGGACGTCCAG	UNCLASSIFIED
230810M-S-XXM-P11__PA-TGCGCCTCCGGATCTGCAGCGT	UNCLASSIFIED
230810M-S-XXM-P11__PA-TGCGTGCCTATGGCTCAGCA	UNCLASSIFIED
230810M-S-XXM-P11__PA-TGCTGTTGGACGAGGAAGCAATG	UNCLASSIFIED
230810M-S-XXM-P11__PA-TGGCAGTAAGCGAGTTGTTGTGA	UNCLASSIFIED
230810M-S-XXM-P11__PA-TGGTAATCCGGATGCCTAACTT	CAG-492_sp000434335
230810M-S-XXM-P11__PA-TGGTCACCTTAATGACTCCGT	CAG-492_sp000434335
230810M-S-XXM-P11__PA-TTAAGCAATTGAAGGCGCGTGA	UNCLASSIFIED
230810M-S-XXM-P11__PA-TTATATCGCAGAACAGGATCAC	CAG-492_sp000434335
230810M-S-XXM-P11__PA-TTCATAAGCAACCGTAAGTGT	UNCLASSIFIED
230810M-S-XXM-P11__PA-TTCGGCTTGTGAATACTATGTT	CAG-492_sp000434335
230810M-S-XXM-P11__PA-TTGGCTGTACACGCCATTAGG	UNCLASSIFIED
230810M-S-XXM-P21__PA-AACTAGATCGCGAGTCCGTAATC	UNCLASSIFIED
230810M-S-XXM-P21__PA-AAGCGACCAGATTGTACAATA	UNCLASSIFIED
230810M-S-XXM-P21__PA-AAGCGTAGTCAATGGCCAGT	UNCLASSIFIED
230810M-S-XXM-P21__PA-AAGCGTAGTCGGATCGCTGT	UNCLASSIFIED
230810M-S-XXM-P21__PA-AAGCTCTATGTGTCATCGTA	UNCLASSIFIED
230810M-S-XXM-P21__PA-AATCGACCGCATCCTAAGCGA	UNCLASSIFIED
230810M-S-XXM-P21__PA-AATCTACCATCTGGTACTGT	UNCLASSIFIED
230810M-S-XXM-P21__PA-AATGCACTATGACTAAGTGTGT	UNCLASSIFIED
230810M-S-XXM-P21__PA-AATGCACTATGATTGAGGACAT	UNCLASSIFIED
230810M-S-XXM-P21__PA-AATTATATGTCGACTGGTACTGT	UNCLASSIFIED
230810M-S-XXM-P21__PA-AATTCGACAGGCCGCAAGCG	CAG-492_sp000434335
230810M-S-XXM-P21__PA-AATTGCGCCTGACGTCGTATTG	UNCLASSIFIED
230810M-S-XXM-P21__PA-ACACGCGTGCATCACTAAGCA	CAG-492_sp000434335
230810M-S-XXM-P21__PA-ACATCTTGCCTTGAGTAGAA	UNCLASSIFIED
230810M-S-XXM-P21__PA-ACCGAATATTAACAGTCTGAG	UNCLASSIFIED
230810M-S-XXM-P21__PA-ACCGCTCGTCCGTACCTCTA	UNCLASSIFIED
230810M-S-XXM-P21__PA-ACCGGTAGATCGAAGGAATCTGC	UNCLASSIFIED
230810M-S-XXM-P21__PA-ACCTCACGACAATATCAGCTC	UNCLASSIFIED
230810M-S-XXM-P21__PA-ACCTGGTCTCCGATGAATTGCAT	CAG-492_sp000434335
230810M-S-XXM-P21__PA-ACGGTACCGCCGATTAGTCTTGC	UNCLASSIFIED
230810M-S-XXM-P21__PA-ACTCCGGTACCGACCGGTCGTAC	UNCLASSIFIED
230810M-S-XXM-P21__PA-ACTGCGAGTCCGAACGAGCGAGC	UNCLASSIFIED
230810M-S-XXM-P21__PA-AGAACAAGGAGAATTACCAGAA	UNCLASSIFIED
230810M-S-XXM-P21__PA-AGAACCGTCGACCTGTTGTG	UNCLASSIFIED
230810M-S-XXM-P21__PA-AGAACCGTCGATAGAGACTA	UNCLASSIFIED
230810M-S-XXM-P21__PA-AGAAGTGACGCAAGTGCGGT	UNCLASSIFIED
230810M-S-XXM-P21__PA-AGACACCACGACGCGTTGACG	UNCLASSIFIED
230810M-S-XXM-P21__PA-AGAGAGTTCAGGTGTTAATC	UNCLASSIFIED
230810M-S-XXM-P21__PA-AGAGAGTTCATTGTACAATA	UNCLASSIFIED
230810M-S-XXM-P21__PA-AGCGACCGCGGTGGCTTCTA	UNCLASSIFIED
230810M-S-XXM-P21__PA-AGCGCGATAAGACCATGAAG	UNCLASSIFIED
230810M-S-XXM-P21__PA-AGCGCGCGTTACGATGTGCTT	UNCLASSIFIED
230810M-S-XXM-P21__PA-AGCGCGTTCTGAGACAACCACC	UNCLASSIFIED
230810M-S-XXM-P21__PA-AGCGGTCTGAAAGGCGCGTGA	UNCLASSIFIED
230810M-S-XXM-P21__PA-AGGAACCTAGGAGTAGCACGGC	UNCLASSIFIED
230810M-S-XXM-P21__PA-AGGAGCCATATCTCGCAAGA	UNCLASSIFIED
230810M-S-XXM-P21__PA-AGGCAGTCCGCGACAACACACAC	UNCLASSIFIED
230810M-S-XXM-P21__PA-AGGCTGTGGAAAGTAGAGTAA	UNCLASSIFIED
230810M-S-XXM-P21__PA-AGGTTACTGAAAGCGAGAACC	UNCLASSIFIED
230810M-S-XXM-P21__PA-AGTCTGCGAGGATTGCACCAAT	UNCLASSIFIED
230810M-S-XXM-P21__PA-ATAAGCTTCCAGGAATCTGC	UNCLASSIFIED
230810M-S-XXM-P21__PA-ATACTGAGAACGAGGTCTGTTCT	UNCLASSIFIED
230810M-S-XXM-P21__PA-ATAGAGTCACCGATTAGTCTTGC	UNCLASSIFIED
230810M-S-XXM-P21__PA-ATAGCTGCACCGAGACCGCGTGC	UNCLASSIFIED
230810M-S-XXM-P21__PA-ATAGTGATGCCGAGATAGTACGC	UNCLASSIFIED
230810M-S-XXM-P21__PA-ATATAACATCACGGCTGCATT	UNCLASSIFIED
230810M-S-XXM-P21__PA-ATCAATCTCCAGCCTCTAGC	UNCLASSIFIED
230810M-S-XXM-P21__PA-ATCACCGCCTGACTCATACGCT	UNCLASSIFIED
230810M-S-XXM-P21__PA-ATCCTCGTATGATTGATTGGAT	UNCLASSIFIED
230810M-S-XXM-P21__PA-ATCGTATATAACACTCTATC	UNCLASSIFIED
230810M-S-XXM-P21__PA-ATGATGTTGCGAATGTTACCGG	UNCLASSIFIED
230810M-S-XXM-P21__PA-ATGGCAATCCGACCAGTAGCGT	UNCLASSIFIED
230810M-S-XXM-P21__PA-ATGGTGTGAGCGAGCCGCAAGCG	UNCLASSIFIED
230810M-S-XXM-P21__PA-ATTCAATCCTGAGCACTAATTC	UNCLASSIFIED
230810M-S-XXM-P21__PA-ATTCGACCTTCGAAGCCTACCAA	UNCLASSIFIED
230810M-S-XXM-P21__PA-ATTGATACGAAATGGCCAGT	UNCLASSIFIED
230810M-S-XXM-P21__PA-CAAGCCTACTATCTCGTCTTA	UNCLASSIFIED
230810M-S-XXM-P21__PA-CAATCTCGGTCGACACCGTAACT	UNCLASSIFIED
230810M-S-XXM-P21__PA-CACATGACAGCGATGGATCGACC	UNCLASSIFIED
230810M-S-XXM-P21__PA-CACCACACCTAACGAGCGAGC	UNCLASSIFIED
230810M-S-XXM-P21__PA-CACCGAACGTCGAGTTGGTCTAA	CAG-492_sp000434335
230810M-S-XXM-P21__PA-CACGCCGGCCGAAAGTACATTC	CAG-492_sp000434335
230810M-S-XXM-P21__PA-CACGTCAGGAGACTGCGTTACA	UNCLASSIFIED
230810M-S-XXM-P21__PA-CACTGGCCGCGCAGCTCTAA	UNCLASSIFIED
230810M-S-XXM-P21__PA-CAGAAGATGGCCGCGCATGA	UNCLASSIFIED
230810M-S-XXM-P21__PA-CAGACCAGCCGACCGCGCATGA	UNCLASSIFIED
230810M-S-XXM-P21__PA-CAGACGCCATACGCGTCAAT	UNCLASSIFIED
230810M-S-XXM-P21__PA-CATAACATAGCAGCCGTTAA	UNCLASSIFIED
230810M-S-XXM-P21__PA-CATAACATAGCTTCCGGAAG	UNCLASSIFIED
230810M-S-XXM-P21__PA-CATCAAGGACGACGTGCACGGA	UNCLASSIFIED
230810M-S-XXM-P21__PA-CATCACTGCGAAGAGGCCTAC	CAG-492_sp000434335
230810M-S-XXM-P21__PA-CCACAGCGTTGACCTGGCGGCA	UNCLASSIFIED
230810M-S-XXM-P21__PA-CCAGGACTATCGAAGTCAGACAA	UNCLASSIFIED
230810M-S-XXM-P21__PA-CCAGTAGGAGCGAGTAAGATTAG	CAG-492_sp000434335
230810M-S-XXM-P21__PA-CCGAAGCTGAGGACTCGCGT	UNCLASSIFIED
230810M-S-XXM-P21__PA-CCGTCACTGGTCCTAAGCGA	UNCLASSIFIED
230810M-S-XXM-P21__PA-CCGTGTGCCGAAAGTGTGACT	UNCLASSIFIED
230810M-S-XXM-P21__PA-CCGTTAGTTCGAGGACTCGCGT	UNCLASSIFIED
230810M-S-XXM-P21__PA-CCTCTCCTGACGACTTGCAACAA	UNCLASSIFIED
230810M-S-XXM-P21__PA-CCTGCCTCCTTGTTCAGACG	UNCLASSIFIED
230810M-S-XXM-P21__PA-CGAATAGTCCACTTGCAACAA	CAG-492_sp000434335
230810M-S-XXM-P21__PA-CGAGTAGAGACGAGCACTAATTC	UNCLASSIFIED
230810M-S-XXM-P21__PA-CGCAGTCCTTAGAAGCATTAT	UNCLASSIFIED
230810M-S-XXM-P21__PA-CGCCGCGACTAGCCGCAAGCG	UNCLASSIFIED
230810M-S-XXM-P21__PA-CGGAGAACGTGAGTGTGTCAGC	UNCLASSIFIED
230810M-S-XXM-P21__PA-CGGCACGTCGGATAGTACGC	UNCLASSIFIED
230810M-S-XXM-P21__PA-CGTCGCGAAGGAGCGTGCTGTG	CAG-492_sp000434335
230810M-S-XXM-P21__PA-CGTTGGTGGCGAATCTCTCGGA	UNCLASSIFIED
230810M-S-XXM-P21__PA-CGTTGGTGGCGATGAGACCTCC	CAG-492_sp000434335
230810M-S-XXM-P21__PA-CTAACCATGCGACGCATATGTT	UNCLASSIFIED
230810M-S-XXM-P21__PA-CTAGCTCATGCGAGGCCACACGC	CAG-492_sp000434335
230810M-S-XXM-P21__PA-CTAGCTCATGCGATCTCGTCTTA	UNCLASSIFIED
230810M-S-XXM-P21__PA-CTATGCTAACTCACACAAGG	CAG-492_sp000434335
230810M-S-XXM-P21__PA-CTCAATGCAGGAAACTTATTAA	UNCLASSIFIED
230810M-S-XXM-P21__PA-CTCAGATTACCGAACGTCCAGTC	UNCLASSIFIED
230810M-S-XXM-P21__PA-CTCAGTTAGGCGAAGCGAGAACC	UNCLASSIFIED
230810M-S-XXM-P21__PA-CTCCACCGGCGAATGACTCCGT	UNCLASSIFIED
230810M-S-XXM-P21__PA-CTCCACTAGTGATGAACCTATC	UNCLASSIFIED
230810M-S-XXM-P21__PA-CTCCGTGTAGCGAGGCACGGCTG	UNCLASSIFIED
230810M-S-XXM-P21__PA-CTCGCAGTTGGACAGCCGTTAA	CAG-492_sp000434335
230810M-S-XXM-P21__PA-CTCTGCATCCGACTCTATGGCT	CAG-492_sp000434335
230810M-S-XXM-P21__PA-CTCTGTGTTAAATGGCCAGT	CAG-492_sp000434335
230810M-S-XXM-P21__PA-CTGATTAACGAGGAGCATCGG	CAG-492_sp000434335
230810M-S-XXM-P21__PA-CTGATTAGGTATTCGGAACA	UNCLASSIFIED
230810M-S-XXM-P21__PA-CTTATAGTGAGAAGTCGGCATT	UNCLASSIFIED
230810M-S-XXM-P21__PA-CTTGCCAGCAAATTAAGACTG	UNCLASSIFIED
230810M-S-XXM-P21__PA-GAACGACTGTACTCATTCCGG	UNCLASSIFIED
230810M-S-XXM-P21__PA-GAACGCAATCAATTCTGGCTG	CAG-492_sp000434335
230810M-S-XXM-P21__PA-GAACGCAATCACGTACCTCTA	UNCLASSIFIED
230810M-S-XXM-P21__PA-GAAGCGGCGTCGACCACAGCCGA	UNCLASSIFIED
230810M-S-XXM-P21__PA-GACACATATTCGAGCTCTCACAG	UNCLASSIFIED
230810M-S-XXM-P21__PA-GACATAGTCCGTAAGATTAG	UNCLASSIFIED
230810M-S-XXM-P21__PA-GACATGGAGCGATCAGCCGGTT	UNCLASSIFIED
230810M-S-XXM-P21__PA-GACGATCCTTCGATCACTCTCGA	UNCLASSIFIED
230810M-S-XXM-P21__PA-GACGTCGGAACGAGTCGATTCGT	UNCLASSIFIED
230810M-S-XXM-P21__PA-GACTGTCTACCGACTGGTACTGT	UNCLASSIFIED
230810M-S-XXM-P21__PA-GAGGCCGCTGCGACATCAGCTCC	UNCLASSIFIED
230810M-S-XXM-P21__PA-GATAGTAATTAGGTACCTTAA	UNCLASSIFIED
230810M-S-XXM-P21__PA-GATGAAGCGTATCCGATTCGA	UNCLASSIFIED
230810M-S-XXM-P21__PA-GATGGAGCAGCGATTCAGGAGGT	UNCLASSIFIED
230810M-S-XXM-P21__PA-GATTCAGGCCAAGCCGTGACC	CAG-492_sp000434335
230810M-S-XXM-P21__PA-GCAAGTAAGACGAACGTCCAGTC	UNCLASSIFIED
230810M-S-XXM-P21__PA-GCACGCAGCGATCACACAAGG	UNCLASSIFIED
230810M-S-XXM-P21__PA-GCACGCTAATGAAAGCGTCCTA	UNCLASSIFIED
230810M-S-XXM-P21__PA-GCACGCTAATGATAGTGTCATG	UNCLASSIFIED
230810M-S-XXM-P21__PA-GCAGGAAGGAATAAGGACTGC	CAG-492_sp000434335
230810M-S-XXM-P21__PA-GCCACTGAGAACTATTCAGCA	UNCLASSIFIED
230810M-S-XXM-P21__PA-GCCATTGTACGAAACACCAGAC	UNCLASSIFIED
230810M-S-XXM-P21__PA-GCCTAGGTGGATCACGGTACA	UNCLASSIFIED
230810M-S-XXM-P21__PA-GCGCAGAAGCAAGTGGCGTTC	UNCLASSIFIED
230810M-S-XXM-P21__PA-GCGCAGAGATAGTTATAGGTG	UNCLASSIFIED
230810M-S-XXM-P21__PA-GCGCGAGAGCATGTCATCGTA	UNCLASSIFIED
230810M-S-XXM-P21__PA-GCGTTATATACGAGCATAATGCG	UNCLASSIFIED
230810M-S-XXM-P21__PA-GCTCTGAACGCGATAACACGATT	UNCLASSIFIED
230810M-S-XXM-P21__PA-GCTGACGACGGATAGTACGC	UNCLASSIFIED
230810M-S-XXM-P21__PA-GGAGTGAGAGGAAGTGACCTAT	UNCLASSIFIED
230810M-S-XXM-P21__PA-GGATGTATAAATGGCTCAGCA	UNCLASSIFIED
230810M-S-XXM-P21__PA-GGCAGACACTAAAGTGGCTTA	UNCLASSIFIED
230810M-S-XXM-P21__PA-GGCCGATTCTCGCAGACCAG	UNCLASSIFIED
230810M-S-XXM-P21__PA-GGCGGAATTAGACAAGCTAGCT	UNCLASSIFIED
230810M-S-XXM-P21__PA-GGCTCTACAAGAGAGAACGATT	UNCLASSIFIED
230810M-S-XXM-P21__PA-GGTACCGGAGGACCTGAGTCTA	UNCLASSIFIED
230810M-S-XXM-P21__PA-GGTAGGACTAGAACGTCCAGTC	CAG-492_sp000434335
230810M-S-XXM-P21__PA-GGTCAGTGTAGTCCGTAATC	CAG-492_sp000434335
230810M-S-XXM-P21__PA-GTAACAGGCGACTGAGTGCTG	UNCLASSIFIED
230810M-S-XXM-P21__PA-GTACTGACTCCGAACCGGACATC	UNCLASSIFIED
230810M-S-XXM-P21__PA-GTCCGGTAAGCGACCTGAGTCTA	CAG-492_sp000434335
230810M-S-XXM-P21__PA-GTCGCCTAGATCTGGTCTCG	UNCLASSIFIED
230810M-S-XXM-P21__PA-GTCGGAACTCCGATCAGTGTTAA	UNCLASSIFIED
230810M-S-XXM-P21__PA-GTCGTGGCTACGACAGCTAACAC	UNCLASSIFIED
230810M-S-XXM-P21__PA-GTTCACTAACATCTGTGTAC	UNCLASSIFIED
230810M-S-XXM-P21__PA-GTTGCGAATTCGAGCCGGAGCGG	UNCLASSIFIED
230810M-S-XXM-P21__PA-GTTGTAACACCGAGGCTGTCTTG	UNCLASSIFIED
230810M-S-XXM-P21__PA-GTTGTTCCGGGATTCACTTCAA	CAG-492_sp000434335
230810M-S-XXM-P21__PA-TAACGTGATGAATTCGGAACA	UNCLASSIFIED
230810M-S-XXM-P21__PA-TAAGAAGGACCGCAGACCAG	UNCLASSIFIED
230810M-S-XXM-P21__PA-TAAGATGTCGTGGCTCAGCA	UNCLASSIFIED
230810M-S-XXM-P21__PA-TAAGCGCTCTACGACGGTAAC	UNCLASSIFIED
230810M-S-XXM-P21__PA-TAATAATATGCGATGATCACGTC	CAG-492_sp000434335
230810M-S-XXM-P21__PA-TAATATGAGGATCGGCTGAA	UNCLASSIFIED
230810M-S-XXM-P21__PA-TACCTGCCGTATTGCGTTCG	CAG-492_sp000434335
230810M-S-XXM-P21__PA-TAGCAGCCGGGAGAGGTCTCCT	CAG-492_sp000434335
230810M-S-XXM-P21__PA-TAGCTTCCACACAACCGTGTA	CAG-492_sp000434335
230810M-S-XXM-P21__PA-TAGCTTCCACACGCACGAATT	UNCLASSIFIED
230810M-S-XXM-P21__PA-TAGGAGTTGCAATTGCGTTCG	CAG-492_sp000434335
230810M-S-XXM-P21__PA-TAGGCTCTCCGCAGCCTAAC	UNCLASSIFIED
230810M-S-XXM-P21__PA-TAGGTGAAGACGCATATGTT	UNCLASSIFIED
230810M-S-XXM-P21__PA-TAGTTACGTCAAACCAGATAT	UNCLASSIFIED
230810M-S-XXM-P21__PA-TAGTTACGTCATAACACGATT	UNCLASSIFIED
230810M-S-XXM-P21__PA-TATATCCTCTGAGTCATGCCAG	UNCLASSIFIED
230810M-S-XXM-P21__PA-TATATCCTCTGATACACTAGTC	UNCLASSIFIED
230810M-S-XXM-P21__PA-TATTCACACAAATGAGTTCAC	UNCLASSIFIED
230810M-S-XXM-P21__PA-TATTCGTAAGATGGCTATTG	CAG-492_sp000434335
230810M-S-XXM-P21__PA-TCACATTGGTCGACAAGTGCTCC	UNCLASSIFIED
230810M-S-XXM-P21__PA-TCATCTCATTCGAGAATGATATA	UNCLASSIFIED
230810M-S-XXM-P21__PA-TCCAGTGTGTATGTCCAACCT	UNCLASSIFIED
230810M-S-XXM-P21__PA-TCGAACAATCGACAGCCGTTAA	CAG-492_sp000434335
230810M-S-XXM-P21__PA-TCGATGGCGCAGTCGCGTTCA	UNCLASSIFIED
230810M-S-XXM-P21__PA-TCGCTCTTCACGAGAGAACGATT	CAG-492_sp000434335
230810M-S-XXM-P21__PA-TCGTGCCTGTATCACTCTCGA	UNCLASSIFIED
230810M-S-XXM-P21__PA-TCTTCCAACAGAAGTCGGCATT	UNCLASSIFIED
230810M-S-XXM-P21__PA-TGACGAAGTACGATCACTCTCGA	UNCLASSIFIED
230810M-S-XXM-P21__PA-TGACGACCGCCGACGGCTGCATT	CAG-492_sp000434335
230810M-S-XXM-P21__PA-TGACGTACAAAGTGGCGTTC	UNCLASSIFIED
230810M-S-XXM-P21__PA-TGATCAGAGTGACCTACGCAAC	UNCLASSIFIED
230810M-S-XXM-P21__PA-TGCATCGGTGGCCGTTAGTT	UNCLASSIFIED
230810M-S-XXM-P21__PA-TGCGGAGGTTCACTTGTAAG	UNCLASSIFIED
230810M-S-XXM-P21__PA-TGCGTGCCTAGCGAGCAGTT	UNCLASSIFIED
230810M-S-XXM-P21__PA-TGGCGCCTCCGAGCACTAATTC	UNCLASSIFIED
230810M-S-XXM-P21__PA-TGGTCACCTTACAGCTAACAC	CAG-492_sp000434335
230810M-S-XXM-P21__PA-TTAATTAACAGAGCACTAATTC	CAG-492_sp000434335
230810M-S-XXM-P21__PA-TTAGCCTGACCGATCCACTGTCA	UNCLASSIFIED
230810M-S-XXM-P21__PA-TTATGTCTGCCGACCTGTAAGGT	UNCLASSIFIED
230810M-S-XXM-P21__PA-TTCAAGCTAGCGACACGTGGTAG	CAG-492_sp000434335
230810M-S-XXM-P21__PA-TTCAGGCTTCCGAAGCCGTGACC	UNCLASSIFIED
230810M-S-XXM-P21__PA-TTCCATTACCGATCTCTCTAGC	UNCLASSIFIED
230810M-S-XXM-P21__PA-TTCTGACTAACGAGCATAATGCG	UNCLASSIFIED
230810M-S-XXM-P21__PA-TTGATGAGACCGACAACCTCTCA	UNCLASSIFIED
230810M-S-XXM-P21__PA-TTGGCTAAGCGAACTAGGCT	UNCLASSIFIED
230810M-S-XXM-P21__PA-TTGTATACCAGAAGTCAGACAA	UNCLASSIFIED
