sag_id	arm	file	bytes	sha256
230810M-S-XXM-P11__PA-AACCGTACGACGACAATAACACT	3B	230810M-S-XXM-P11__PA-AACCGTACGACGACAATAACACT.fasta.gz	221809	9a4af7ead3db2f580c827dc0a4470bd185f3212ffe8fa2fb78df6eca7abde069
230810M-S-XXM-P11__PA-AACTAGATCGCGAACGCGCATAG	3B	230810M-S-XXM-P11__PA-AACTAGATCGCGAACGCGCATAG.fasta.gz	75708	d4c70f1b0d39444b12c777550767db01467f668b8ea513f3fd217328020b9334
230810M-S-XXM-P11__PA-AAGCAACGCACGATATGCTCTTG	3B	230810M-S-XXM-P11__PA-AAGCAACGCACGATATGCTCTTG.fasta.gz	100332	0ec83b7e3d13f64858877f787c643922063800a643de29131ac7fcd998d61862
230810M-S-XXM-P11__PA-AAGGTCCAGACGAACAGTCTGAG	3B	230810M-S-XXM-P11__PA-AAGGTCCAGACGAACAGTCTGAG.fasta.gz	137588	c5095456d00c0b712286592aba0363970b905da92850b5cacb94af6cfef529d7
230810M-S-XXM-P11__PA-AAGTCGCACTGAACCGGACATC	3B	230810M-S-XXM-P11__PA-AAGTCGCACTGAACCGGACATC.fasta.gz	175642	4e53b12130887811919f4cf69efa446af9ec2223157108f8b5315c6ba3e44d80
230810M-S-XXM-P11__PA-AATTATATGTCGAACGCGTCAAT	3B	230810M-S-XXM-P11__PA-AATTATATGTCGAACGCGTCAAT.fasta.gz	19134	250cbd21b488259f08b4ab3f628b0d20742175fdc4c3bc86936b1bc24ed1aaa8
230810M-S-XXM-P11__PA-ACATTGATCTGATGTGATGGCG	3B	230810M-S-XXM-P11__PA-ACATTGATCTGATGTGATGGCG.fasta.gz	65604	1a4bab3d4d1effbb10348a001fe4bc0804fd948bf382b6c6c8ef1bbf67e684d2
230810M-S-XXM-P11__PA-ACCATATCACGATAGATCGCGA	3B	230810M-S-XXM-P11__PA-ACCATATCACGATAGATCGCGA.fasta.gz	53991	2ffe8d5ba2bafcd98d0149e2e11b0163d8b8974d1198093dd55d2c8c054289d3
230810M-S-XXM-P11__PA-ACCATCAGATAGTGCAGCGGA	3B	230810M-S-XXM-P11__PA-ACCATCAGATAGTGCAGCGGA.fasta.gz	106885	bcb00ad2907540d820567d98c87c0181f3ff31cc95e41bbb95334c63106e3856
230810M-S-XXM-P11__PA-ACCTCTAGGTGAGTCGATTCGT	3B	230810M-S-XXM-P11__PA-ACCTCTAGGTGAGTCGATTCGT.fasta.gz	149759	9580f3e6b460e6bad8a02a1376b3dc6e711b505237005840db4564b877c9b461
230810M-S-XXM-P11__PA-ACCTGGTCTCCGACGTATTGTAA	3B	230810M-S-XXM-P11__PA-ACCTGGTCTCCGACGTATTGTAA.fasta.gz	90620	8f7d6713fd7aee094b030cace297a94a663ce4443d0596e85b90e8b3d172c9e9
230810M-S-XXM-P11__PA-ACCTTCATGTATTGCGTTCG	3B	230810M-S-XXM-P11__PA-ACCTTCATGTATTGCGTTCG.fasta.gz	89551	5ca2f7abdb17e4db98ad8cf083ec98cbeff4cfc887a6c2424634b3694fd0b7d2
230810M-S-XXM-P11__PA-ACGCATATACGACATATCGGCC	3B	230810M-S-XXM-P11__PA-ACGCATATACGACATATCGGCC.fasta.gz	84228	18de68e37e37bb67c6437c9c9d9ecb406ff021ff64a839539b57a5d163410d32
230810M-S-XXM-P11__PA-ACTAACGCACCCTGAGTCTA	3B	230810M-S-XXM-P11__PA-ACTAACGCACCCTGAGTCTA.fasta.gz	102519	0d7246805fceee102d598990146d6b4b56d40931c7e3ccffafc678f2d9df52b8
230810M-S-XXM-P11__PA-AGAGAGTTCAGCGACCGTGG	3B	230810M-S-XXM-P11__PA-AGAGAGTTCAGCGACCGTGG.fasta.gz	146919	16c2b087f8a3541745f8a2e9d30f31ebf329aa8c6b2b64bffa12d39f734a2fe4
230810M-S-XXM-P11__PA-AGCGCGTTCTGATACACTAGTC	3B	230810M-S-XXM-P11__PA-AGCGCGTTCTGATACACTAGTC.fasta.gz	134913	1e9a670cc72b3e6de9ee7ee6d9ef2a7dcc304530bec84722f77ef9e77fa1e9c9
230810M-S-XXM-P11__PA-AGGAGAATGCAGCCGACTGCC	3B	230810M-S-XXM-P11__PA-AGGAGAATGCAGCCGACTGCC.fasta.gz	174242	059d7aa732b36e09291a7a1bb20ff7a9170af8cc02b6e681282735e5627f50c4
230810M-S-XXM-P11__PA-AGGCAGCTGAAAACTTATTAA	3B	230810M-S-XXM-P11__PA-AGGCAGCTGAAAACTTATTAA.fasta.gz	193500	591f830bafb6ca8f6c6e524842264ae0a2ee5a8661d83ed2da493caf244f7dfe
230810M-S-XXM-P11__PA-AGGCAGCTGAATCACACAAGG	3B	230810M-S-XXM-P11__PA-AGGCAGCTGAATCACACAAGG.fasta.gz	91970	8dfbc41c7a813a437ce34b9d020ace1632ec3436803cf3ee752014437cf1d2ad
230810M-S-XXM-P11__PA-AGGTACTACACGAACAATCACCG	3B	230810M-S-XXM-P11__PA-AGGTACTACACGAACAATCACCG.fasta.gz	99787	bb8082faa693c02c6263bae415eda1d1d6a46aecb7e14b21c785f6ca454f1741
230810M-S-XXM-P11__PA-AGGTCGGATTAGTGCAGCGGA	3B	230810M-S-XXM-P11__PA-AGGTCGGATTAGTGCAGCGGA.fasta.gz	110278	919f86b3bef2ea886f06aeb45a0d6dc8251b4a9ec5868c3cf0d201ec99e160a1
230810M-S-XXM-P11__PA-AGTACGGACGCGATGTGCTT	3B	230810M-S-XXM-P11__PA-AGTACGGACGCGATGTGCTT.fasta.gz	151738	f8cd9357e7067714a688dbf984de2b7d9eec1f1925cc0cb6a0d29f6bc1a564c2
230810M-S-XXM-P11__PA-AGTATTACAAAAGGAATCTGC	3B	230810M-S-XXM-P11__PA-AGTATTACAAAAGGAATCTGC.fasta.gz	34945	4c3963bc3bb02eba8cfecd059b03b8e6c4a88ee3054fadcff757406eb8f887bd
230810M-S-XXM-P11__PA-AGTGGCTCGAAGTCCGTAATC	3B	230810M-S-XXM-P11__PA-AGTGGCTCGAAGTCCGTAATC.fasta.gz	121586	e0dc94fe79e5fdc19d6f3dad5456ad5474ea90226000cb3aa802f0cf21a11760
230810M-S-XXM-P11__PA-ATAACGTCGTGATTGCTTATAA	3B	230810M-S-XXM-P11__PA-ATAACGTCGTGATTGCTTATAA.fasta.gz	134524	1b89464cb4154188f7de0b098c9c18c2e3371bf163b93d1f9a019b1d88446ade
230810M-S-XXM-P11__PA-ATAGCTGCACCGACTGGCACACA	3B	230810M-S-XXM-P11__PA-ATAGCTGCACCGACTGGCACACA.fasta.gz	96879	7039b8c4c013c2417f116c251ff1a1818c7eb310eae901ab24d6a167fa1a4435
230810M-S-XXM-P11__PA-ATATCTTCAGCGAATAAGACTCT	3B	230810M-S-XXM-P11__PA-ATATCTTCAGCGAATAAGACTCT.fasta.gz	204193	6fb1a679551b233d1ab21c597c151f7c1482d0bbc988cddb4f9457f0f36f3d4c
230810M-S-XXM-P11__PA-ATATGCGTAAAGCTTGTGTC	3B	230810M-S-XXM-P11__PA-ATATGCGTAAAGCTTGTGTC.fasta.gz	51671	50c68401c7011c31be805e43512a82428eaa1ebeff7bc181b24779332fee1794
230810M-S-XXM-P11__PA-ATCAGCTGCTCTTGCAACAA	3B	230810M-S-XXM-P11__PA-ATCAGCTGCTCTTGCAACAA.fasta.gz	170754	d07000ea99e92b5472254f65f6b2e7352b47c85cc835594a4694c702cac59049
230810M-S-XXM-P11__PA-ATCGTATTGCTGTAGCTTCA	3B	230810M-S-XXM-P11__PA-ATCGTATTGCTGTAGCTTCA.fasta.gz	123999	26bcd2f4173089672bce3882fdde846e28e25946a093754265703092353c0cbf
230810M-S-XXM-P11__PA-ATCTAGACGAAGAACTAGGCT	3B	230810M-S-XXM-P11__PA-ATCTAGACGAAGAACTAGGCT.fasta.gz	83961	8fa0382b41bc3a2e9cabe291ae962c4ae43f21abcda47ed04cd926ca2cc742f1
230810M-S-XXM-P11__PA-ATGAGGAAGTGAAGTCGGCATT	3B	230810M-S-XXM-P11__PA-ATGAGGAAGTGAAGTCGGCATT.fasta.gz	196880	4fde07ac5664d5c5083c69358a29227ea5e5b84f7a6e98f0a9d8e1690f9b0518
230810M-S-XXM-P11__PA-ATGATATGCCGAATCTCTCGGA	3B	230810M-S-XXM-P11__PA-ATGATATGCCGAATCTCTCGGA.fasta.gz	99675	4db7ea98f77027535734ab76c5ba075622acba1d82893ad5f8c1b51c3852ce8c
230810M-S-XXM-P11__PA-ATGGAACCAAGAGGTCTCCT	3A	230810M-S-XXM-P11__PA-ATGGAACCAAGAGGTCTCCT.fasta.gz	243924	cd7b39b01c51c35546e41aeeaeeafdbca6f21886c623001110b3b6c5b0e22ac6
230810M-S-XXM-P11__PA-ATGGCTTCATATCGGCTGAA	3B	230810M-S-XXM-P11__PA-ATGGCTTCATATCGGCTGAA.fasta.gz	186206	faab30d38bc22fe7c2ebdcf1df0782dd59fc48ceb8aa908abc5826ea13a5df3a
230810M-S-XXM-P11__PA-ATGTGCCTGGCGAATCTGTGTAC	3B	230810M-S-XXM-P11__PA-ATGTGCCTGGCGAATCTGTGTAC.fasta.gz	142548	3dbbf6745364dc4f1d9809844e59977e84ce9684863130c38e61f698eda7aef6
230810M-S-XXM-P11__PA-ATGTTGAACCCGTGGACCAT	3B	230810M-S-XXM-P11__PA-ATGTTGAACCCGTGGACCAT.fasta.gz	151345	2dd88aa831f84732b2bf08a9a4a0698e6a7c9ae45174071d18c9ed9755d7ac4a
230810M-S-XXM-P11__PA-ATTAGTGTCGCGACACACTGCAT	3B	230810M-S-XXM-P11__PA-ATTAGTGTCGCGACACACTGCAT.fasta.gz	105014	5cc037ea6a67baa99a3a0b8ebf728d6ad7c1966fa63b9d9bd35e28727885fe83
230810M-S-XXM-P11__PA-CACTAACATACGATACCACGTAC	3B	230810M-S-XXM-P11__PA-CACTAACATACGATACCACGTAC.fasta.gz	18931	873fb605dd3994dfe4856f7d360eb497750c8db495e882ecd4bc4301b917bbe1
230810M-S-XXM-P11__PA-CAGCAGTATAAGCCGAGGCA	3B	230810M-S-XXM-P11__PA-CAGCAGTATAAGCCGAGGCA.fasta.gz	21156	0677ed71a3020816ddb6fb543b37efac8706050a93cf81b6b68782c7aa4257d4
230810M-S-XXM-P11__PA-CAGGACGCACGGACTCGCGT	3A	230810M-S-XXM-P11__PA-CAGGACGCACGGACTCGCGT.fasta.gz	128575	8dc9c4a404f074b0da70f7b945f27bb4022eaf83d44fa0f63b05193e5d8f3187
230810M-S-XXM-P11__PA-CAGGTGTCGAGTAGCACGGC	3B	230810M-S-XXM-P11__PA-CAGGTGTCGAGTAGCACGGC.fasta.gz	111132	bd7e646dc8a283ec6ff1f4389fa2f6c690aa295fa2ba2021b9f10e174a2b215c
230810M-S-XXM-P11__PA-CATCGAATGCCCGTCTCGCT	3B	230810M-S-XXM-P11__PA-CATCGAATGCCCGTCTCGCT.fasta.gz	141801	d32c8e671f1889bec1beb49205059a16b9e930b54832a0597072290980b7ebcf
230810M-S-XXM-P11__PA-CCGCAGGACAGCACTAATTC	3B	230810M-S-XXM-P11__PA-CCGCAGGACAGCACTAATTC.fasta.gz	46191	6387f13302f1c2b6ce9db09fc83e2c03209a90f1d6e183bc24f2aa53da5fde09
230810M-S-XXM-P11__PA-CCGCCAATCGGAGATAGGCGAT	3A	230810M-S-XXM-P11__PA-CCGCCAATCGGAGATAGGCGAT.fasta.gz	132752	fb2c2e919744084d32f442523c1a4feafed460d349f97d69bb01c038357775ec
230810M-S-XXM-P11__PA-CCGTCACTGGATGAAGGTGT	3B	230810M-S-XXM-P11__PA-CCGTCACTGGATGAAGGTGT.fasta.gz	143363	ea3b77b6cffddcc9f23a4e13094015e2a10a14b0a16bb679af50141d91423822
230810M-S-XXM-P11__PA-CCGTGAAGTCGACGACCAACCG	3B	230810M-S-XXM-P11__PA-CCGTGAAGTCGACGACCAACCG.fasta.gz	118381	4c5598478156b4325d10e401890aef2970b5a9602980d432dccdaccbe1a58128
230810M-S-XXM-P11__PA-CCTCCGATCCGATGTTCGTCGT	3B	230810M-S-XXM-P11__PA-CCTCCGATCCGATGTTCGTCGT.fasta.gz	143740	60aefec766704a1d82b438ecc9818405ec3dd2441febe3646e35c1d8096cd3b4
230810M-S-XXM-P11__PA-CGACAACAGCCGACCGACAACGC	3B	230810M-S-XXM-P11__PA-CGACAACAGCCGACCGACAACGC.fasta.gz	172860	ec673148223e99fc4b987ee85a16c05eb0b4b77f4c212aed41105f8a1b7d7f03
230810M-S-XXM-P11__PA-CGAGCAATAAAATCTGCAGAG	3B	230810M-S-XXM-P11__PA-CGAGCAATAAAATCTGCAGAG.fasta.gz	129249	93966ad6c8c09dd141faa142dbc5cfb64f5ea555ef0a9741a827da5a861dfa65
230810M-S-XXM-P11__PA-CGAGCAATAAACGGCGCTGCT	3B	230810M-S-XXM-P11__PA-CGAGCAATAAACGGCGCTGCT.fasta.gz	301752	38b97f749005f38ca7c1d6643328db92b695aea8e7c156f9b7d316f4131a409c
230810M-S-XXM-P11__PA-CGCAGGATCTGGTGAGGTCA	3B	230810M-S-XXM-P11__PA-CGCAGGATCTGGTGAGGTCA.fasta.gz	86634	6e784cd4b89451f88c78ba1c8bcc694a003c1485f6df848945107c69ca7a95b2
230810M-S-XXM-P11__PA-CGCGTCCTTGAACCACCACGG	3B	230810M-S-XXM-P11__PA-CGCGTCCTTGAACCACCACGG.fasta.gz	98834	6baf5bee7a57ffa743894ab8262073e0968d41c4413846c0190857b9b8c49765
230810M-S-XXM-P11__PA-CGCGTCCTTGATCTCGTCTTA	3B	230810M-S-XXM-P11__PA-CGCGTCCTTGATCTCGTCTTA.fasta.gz	157983	149dd57c40f3419792ec7418ef3654d204ec4fe9d2cc07d8a1cd5b0801e66767
230810M-S-XXM-P11__PA-CGCTGACCTCTCACGGTACA	3A	230810M-S-XXM-P11__PA-CGCTGACCTCTCACGGTACA.fasta.gz	143837	8ca259d940d08f12c14d14e123e60a6e5da4fd406cd505ef19ed78de69e8d34a
230810M-S-XXM-P11__PA-CGGATACGCGGGCACGGCTG	3B	230810M-S-XXM-P11__PA-CGGATACGCGGGCACGGCTG.fasta.gz	154118	218e79e5f280057637c6e71bf3ba656d403d913131803cebeb57078e37316132
230810M-S-XXM-P11__PA-CGGCAATCAAGACATATCGGCC	3B	230810M-S-XXM-P11__PA-CGGCAATCAAGACATATCGGCC.fasta.gz	154377	09d535f00ab70a90588006493877589e5af42d26f32e81809f5c4bc1748189ab
230810M-S-XXM-P11__PA-CGGCAGCCACGAGCCGCAAGCG	3B	230810M-S-XXM-P11__PA-CGGCAGCCACGAGCCGCAAGCG.fasta.gz	142391	8db25f4f130b78f411ab9353bc5397c703377611f715c2d763d9be8dcccea5a5
230810M-S-XXM-P11__PA-CGGCAGCTCTGAGCACCGAATC	3B	230810M-S-XXM-P11__PA-CGGCAGCTCTGAGCACCGAATC.fasta.gz	149090	2daf7f621e8d3f11c85415770ce64a3aab52fcfb789789de047fc9c123e267f7
230810M-S-XXM-P11__PA-CGTAATGCGACGAATTGCGTTCG	3B	230810M-S-XXM-P11__PA-CGTAATGCGACGAATTGCGTTCG.fasta.gz	160897	cca74a0a39e8f4a715b3bb10f81139d7905e8048be23445b12935a60673cb09b
230810M-S-XXM-P11__PA-CGTGCGCATAGTCGGTAAGA	3A	230810M-S-XXM-P11__PA-CGTGCGCATAGTCGGTAAGA.fasta.gz	62971	dc6bf97dd6545c675e2c1df2e06f3c7e82eaf3649020a706484c054e46f45754
230810M-S-XXM-P11__PA-CGTGGAGAGTACCATCGATGG	3B	230810M-S-XXM-P11__PA-CGTGGAGAGTACCATCGATGG.fasta.gz	169333	4c03067c44f590c2fc88a5db69cc55c90862467fa54b8731ef3a50a0c30e2401
230810M-S-XXM-P11__PA-CTAATGGAGAACTAGCTATAC	3B	230810M-S-XXM-P11__PA-CTAATGGAGAACTAGCTATAC.fasta.gz	100240	ec86b419f9e6d3edfdb388202233287f9ca2f360aa8a04a13a494615ec0402c6
230810M-S-XXM-P11__PA-CTATACTACTTGTAGCTTCA	3B	230810M-S-XXM-P11__PA-CTATACTACTTGTAGCTTCA.fasta.gz	62092	f339af5507a7fe5f18d018f636b0afef016b1f688d0dd22f9e3557500d7fd864
230810M-S-XXM-P11__PA-CTATGGAAGTGACACTTGTAAG	3B	230810M-S-XXM-P11__PA-CTATGGAAGTGACACTTGTAAG.fasta.gz	147036	0011bce08a1f5cbc405680de556f8de70979976f35c152c5ed43713c2a6d7458
230810M-S-XXM-P11__PA-CTCCGTGTAGCGAGGTACCTTAA	3B	230810M-S-XXM-P11__PA-CTCCGTGTAGCGAGGTACCTTAA.fasta.gz	144704	72e26be83800e0e30b411d03f94c08e03f15d77aef321a5affe7a68189fa571f
230810M-S-XXM-P11__PA-CTCTACAGTGACACGCGCACC	3B	230810M-S-XXM-P11__PA-CTCTACAGTGACACGCGCACC.fasta.gz	136771	ff3f7638faf4d12597449701ef379ef835d87e3c35ef336762439cc1a2896f65
230810M-S-XXM-P11__PA-CTGCACAGTTAGGCACGGCTG	3B	230810M-S-XXM-P11__PA-CTGCACAGTTAGGCACGGCTG.fasta.gz	109310	baa10aa500ef80f3143480ab45f178e7c9ddc0667eb4d43b2f204d40655481f4
230810M-S-XXM-P11__PA-CTGCACGCCAAAAGCGTCCTA	3A	230810M-S-XXM-P11__PA-CTGCACGCCAAAAGCGTCCTA.fasta.gz	156822	c7601f5bf0bb747e48088525b42a444cd843884d0143d425a66779154480d178
230810M-S-XXM-P11__PA-CTTAAGTATGACGTGGACCAT	3B	230810M-S-XXM-P11__PA-CTTAAGTATGACGTGGACCAT.fasta.gz	18553	01c34ba911883988b7a136f1ab6c3455cc9e956eb62c3ad3bddc7915ceb31aa1
230810M-S-XXM-P11__PA-CTTCTAGGCTGCATAATGCG	3B	230810M-S-XXM-P11__PA-CTTCTAGGCTGCATAATGCG.fasta.gz	116438	42241950739d5a585a2ec39eefb9d825b46419605442f7b99f46e8e7095c0034
230810M-S-XXM-P11__PA-GAAGGATCGTCGACGTCGTATTG	3B	230810M-S-XXM-P11__PA-GAAGGATCGTCGACGTCGTATTG.fasta.gz	75616	54cf2d169c987c66acecef65042fb9a7e33f4f005317de00d72859efec92a4d5
230810M-S-XXM-P11__PA-GAATAAGCGGCGAGCATAATGCG	3B	230810M-S-XXM-P11__PA-GAATAAGCGGCGAGCATAATGCG.fasta.gz	113919	00fb4864d9939c0274e05c405b06ec426e7081bb2e4354ec0dcb5f4dd40d7999
230810M-S-XXM-P11__PA-GAATCCGATCATGTACCGTG	3B	230810M-S-XXM-P11__PA-GAATCCGATCATGTACCGTG.fasta.gz	74743	dd606cb371711c3671daf4352197e0914c958c72682b473a436c3faec698dd2a
230810M-S-XXM-P11__PA-GACATAAGTGCGAATTAAGACTG	3B	230810M-S-XXM-P11__PA-GACATAAGTGCGAATTAAGACTG.fasta.gz	129591	f3272b835a669604b7c47c38347cba1c25d9098f584929da4e6f39b84e9776aa
230810M-S-XXM-P11__PA-GACCGTGTCGTGTTCGTCGT	3B	230810M-S-XXM-P11__PA-GACCGTGTCGTGTTCGTCGT.fasta.gz	57774	f86b41f2c96a101c0f2dfc637757115d0cc2e03bc0c67a5d3aabfd4ec0fda1f1
230810M-S-XXM-P11__PA-GACGATCGCAATTGTACAATA	3B	230810M-S-XXM-P11__PA-GACGATCGCAATTGTACAATA.fasta.gz	179744	8789235bdb772aba41af5eb4bd4c7433f73caa2973418b5caba918cf8cd8921b
230810M-S-XXM-P11__PA-GAGACTCTTCATGAGTTCAC	3B	230810M-S-XXM-P11__PA-GAGACTCTTCATGAGTTCAC.fasta.gz	178506	975b5ad57d5b312c0e93e1360226ac931b2b84192b0a423ab00915bfec0886ab
230810M-S-XXM-P11__PA-GAGGCCGCTGCGACAAGTAACCA	3B	230810M-S-XXM-P11__PA-GAGGCCGCTGCGACAAGTAACCA.fasta.gz	76664	be6a856c06875810832a76e469c843762ecd84c0496949e08e292108ef30c2aa
230810M-S-XXM-P11__PA-GCACAGTATGCGAATGTACCGTG	3A	230810M-S-XXM-P11__PA-GCACAGTATGCGAATGTACCGTG.fasta.gz	47280	dd489b50b3a581a479acdab0bd01297f0fa4d6a2954b2b19c1cd56482e26aee6
230810M-S-XXM-P11__PA-GCAGCCACCTATAACACGATT	3B	230810M-S-XXM-P11__PA-GCAGCCACCTATAACACGATT.fasta.gz	134873	5c1e0e7ff88263daa36acf74840d910afd6358fb592fc0b2d50375871bfd3af5
230810M-S-XXM-P11__PA-GCAGTGTTCCGATACACATGAC	3B	230810M-S-XXM-P11__PA-GCAGTGTTCCGATACACATGAC.fasta.gz	174240	8479c4075ad7c5e046634ea54b6602800f5f64a4f5a5437a4de9cbb94c4bc10d
230810M-S-XXM-P11__PA-GCCATGTTAAAGCACTAATTC	3B	230810M-S-XXM-P11__PA-GCCATGTTAAAGCACTAATTC.fasta.gz	175064	21c8b99debb78ee7e675fe4de2a7ab74d4db9f814947ffb38e6fce07d73aec7f
230810M-S-XXM-P11__PA-GCCTCGTGGTCGAAGACAAGAAC	3B	230810M-S-XXM-P11__PA-GCCTCGTGGTCGAAGACAAGAAC.fasta.gz	19499	26a4b0237e53171dae1b6ec8f08fb79df8546cde9a3ce0950d6fdb7945a51a26
230810M-S-XXM-P11__PA-GCGACGCTACCGATGGCTCAGCA	3B	230810M-S-XXM-P11__PA-GCGACGCTACCGATGGCTCAGCA.fasta.gz	135492	65ac59b006fe68a55b9907407e1da716e6e4fe759d1655fb8fcb69d4743b83d8
230810M-S-XXM-P11__PA-GCGAGGCGTGTCCGATTCGA	3B	230810M-S-XXM-P11__PA-GCGAGGCGTGTCCGATTCGA.fasta.gz	148259	ae2c8cc2eeddda58994d40b63a26f6436b3574ba71ec8355ab158f4b3e404491
230810M-S-XXM-P11__PA-GCGTCATCCTAAGCGATGCAT	3B	230810M-S-XXM-P11__PA-GCGTCATCCTAAGCGATGCAT.fasta.gz	17313	ed2c9e3161b31af0387ac1b73f25ddd2004ad08baed667db77a1ae51091ae96e
230810M-S-XXM-P11__PA-GCGTGCATTATGAAGCAGAT	3A	230810M-S-XXM-P11__PA-GCGTGCATTATGAAGCAGAT.fasta.gz	60121	c1347013bf31c4e5de371cda8cf69db03b8d8a5dfc66943a8c4ba0f2f492fc68
230810M-S-XXM-P11__PA-GCTAGGCACAGAGGATCGCTGT	3B	230810M-S-XXM-P11__PA-GCTAGGCACAGAGGATCGCTGT.fasta.gz	62231	15d86b7035c53f527bfab78a4185e2e34141c6bc59ebb816628a96ebd3e82844
230810M-S-XXM-P11__PA-GCTATACAAGAGCGTGCTGTG	3B	230810M-S-XXM-P11__PA-GCTATACAAGAGCGTGCTGTG.fasta.gz	69406	c587786405a7b5c593a5924d23a86c61ed414ce58e36bbdae4b6432b75b32ff5
230810M-S-XXM-P11__PA-GGCAAGGCAAGAATTCGGAACA	3B	230810M-S-XXM-P11__PA-GGCAAGGCAAGAATTCGGAACA.fasta.gz	247261	4fcac7f1ae5635a32da2b15b27675573e2d69d94902cde3718681f61043b0f87
230810M-S-XXM-P11__PA-GGCGTCTCGCGATCTCGTCTTA	3B	230810M-S-XXM-P11__PA-GGCGTCTCGCGATCTCGTCTTA.fasta.gz	153114	d48a71a4db475827936cfc019a0617da974d93b9c4424ceeae9216d55e2c64ad
230810M-S-XXM-P11__PA-GGCGTCTCGCGATTGTACAATA	3B	230810M-S-XXM-P11__PA-GGCGTCTCGCGATTGTACAATA.fasta.gz	266106	04770db996e673f53fb0b3da674c03f8bc170d256fc9644df17cd0b4cf4bf0b9
230810M-S-XXM-P11__PA-GGCTCTACAAGAGCGTGCTGTG	3B	230810M-S-XXM-P11__PA-GGCTCTACAAGAGCGTGCTGTG.fasta.gz	168425	a2d5a5be3195d050e3031b2638182ab707cc228359e3c4984244585545d7b16f
230810M-S-XXM-P11__PA-GGCTGCCTGTCGATTGCGCAAGT	3B	230810M-S-XXM-P11__PA-GGCTGCCTGTCGATTGCGCAAGT.fasta.gz	164752	b561b1795dbc0bb01234e6de85dfa3ac81f82e550c2ac279a3d02678a1ce2d29
230810M-S-XXM-P11__PA-GGCTGCGAACCGAAGTCGGCATT	3B	230810M-S-XXM-P11__PA-GGCTGCGAACCGAAGTCGGCATT.fasta.gz	67544	64c474e96fb27dd11a6f8670f43e855b2df81f178cdf5f5f9bdbb8e3278e2288
230810M-S-XXM-P11__PA-GGTACGACCGCGAGCGACCGTGG	3B	230810M-S-XXM-P11__PA-GGTACGACCGCGAGCGACCGTGG.fasta.gz	98012	6a0a62d97397ca40e356ecfaf844922b107d69095f731820b9280670b9562218
230810M-S-XXM-P11__PA-GGTATAGATCAAGCCTACCAA	3B	230810M-S-XXM-P11__PA-GGTATAGATCAAGCCTACCAA.fasta.gz	39478	f0cfd285fd691a45c242522eb8287986859d314f181046b0ada9dafbbac99696
230810M-S-XXM-P11__PA-GGTATTAGGCCGAGGTTGCACTC	3A	230810M-S-XXM-P11__PA-GGTATTAGGCCGAGGTTGCACTC.fasta.gz	145016	ac534966cd70207d24aa2f9a54b1517ec21d74513b0cb6fbfd10573b0a38292a
230810M-S-XXM-P11__PA-GGTCCTCCGTGCATCCGAGT	3B	230810M-S-XXM-P11__PA-GGTCCTCCGTGCATCCGAGT.fasta.gz	90582	c1e40167f988923104146c4759dc249ea2fa3aeca2cdba29260821fbe5b1d0d9
230810M-S-XXM-P11__PA-GGTCGCAAGTCGATAGAGCCTTC	3B	230810M-S-XXM-P11__PA-GGTCGCAAGTCGATAGAGCCTTC.fasta.gz	195787	c0660b35da6968b22c39d115e97ecc242f7fe57b0466adbb4f20dc9bad9a8d44
230810M-S-XXM-P11__PA-GGTGTGCTGACGACGCATATGTT	3B	230810M-S-XXM-P11__PA-GGTGTGCTGACGACGCATATGTT.fasta.gz	93417	3b751f2a7338afe08df3cb1dccbd426ed2969245d52f06d132285fa2c6d12dbb
230810M-S-XXM-P11__PA-GGTGTGCTGACGAGTCGCGTTCA	3A	230810M-S-XXM-P11__PA-GGTGTGCTGACGAGTCGCGTTCA.fasta.gz	170788	6a6fe70d33214dc33e0016abb55a5fcbee60a71ddd087e15511ca783fa3836d2
230810M-S-XXM-P11__PA-GTATCACCGTAACAGTCAAG	3B	230810M-S-XXM-P11__PA-GTATCACCGTAACAGTCAAG.fasta.gz	76463	11929e52cd44056916f00a3bfa2faa95643950678f3a4fb3aa8145677ca831a3
230810M-S-XXM-P11__PA-GTATCTAACCGAGTTGTTGTGA	3A	230810M-S-XXM-P11__PA-GTATCTAACCGAGTTGTTGTGA.fasta.gz	58321	c2552130363d9bf684c05614d1143e537af708f1c61a9475509140769a6756aa
230810M-S-XXM-P11__PA-GTATTCGGCCCGAGACTGCGTAA	3B	230810M-S-XXM-P11__PA-GTATTCGGCCCGAGACTGCGTAA.fasta.gz	74364	88a8f023f48b51053a92c915657972033f46b79c578ef851a0b77c666c29d9a1
230810M-S-XXM-P11__PA-GTGAAGGCCTACTTATGTAGT	3A	230810M-S-XXM-P11__PA-GTGAAGGCCTACTTATGTAGT.fasta.gz	108330	d8342b12db075386ba3e49a025f3e62bea506521bd5e426c56929476e2975195
230810M-S-XXM-P11__PA-GTGACAGTAGCGACACCGTAACT	3B	230810M-S-XXM-P11__PA-GTGACAGTAGCGACACCGTAACT.fasta.gz	20243	5b43ff39250adc8da578c515be31c93980377a8ebd04a785c4a821bfb57d7213
230810M-S-XXM-P11__PA-GTGGCAAGATGACATTGGAGGA	3A	230810M-S-XXM-P11__PA-GTGGCAAGATGACATTGGAGGA.fasta.gz	109618	4d56edfd12ab48bb402825229f7807806d8d235875f0d40b0b996cd65cc1675d
230810M-S-XXM-P11__PA-GTGGTGATAAGCGTGACTTG	3B	230810M-S-XXM-P11__PA-GTGGTGATAAGCGTGACTTG.fasta.gz	104035	12d14b9a1b0b8e6db455ed101e5d30792160d315c0a0c055bb0850876b0de5bb
230810M-S-XXM-P11__PA-GTGTGAAGTGGAGCATCCGAGT	3B	230810M-S-XXM-P11__PA-GTGTGAAGTGGAGCATCCGAGT.fasta.gz	125375	98460dec44670ff0039c63d838da0902dd4170211abca41e40a6100ff53ffe84
230810M-S-XXM-P11__PA-GTTACTTATGGATACTGCGGTG	3B	230810M-S-XXM-P11__PA-GTTACTTATGGATACTGCGGTG.fasta.gz	40706	15826e9174bcc34969fd92024bb7d32d6ca618d0828936ca27092d055193ae96
230810M-S-XXM-P11__PA-GTTGCTGGATGAGGTGCAGTCT	3B	230810M-S-XXM-P11__PA-GTTGCTGGATGAGGTGCAGTCT.fasta.gz	149532	a1ed069be2ce115ed78f57101bb198189cfea396637323a3d63cb133df1e4581
230810M-S-XXM-P11__PA-GTTGTAACACCGAATGAAGGTGT	3B	230810M-S-XXM-P11__PA-GTTGTAACACCGAATGAAGGTGT.fasta.gz	177416	1540ef762dd8d0bbb2c019b429ecf286054c4ba53e59f0e98a78f9b75390f448
230810M-S-XXM-P11__PA-TAAGTCCAGTCGAATTACCAGAA	3B	230810M-S-XXM-P11__PA-TAAGTCCAGTCGAATTACCAGAA.fasta.gz	101973	c1cf28cd3f11290efbd3b92369d15f01f51f4382dc754ddbf19e6e9f32fe2b5b
230810M-S-XXM-P11__PA-TACCGCTCAGGAGACCATGAAG	3A	230810M-S-XXM-P11__PA-TACCGCTCAGGAGACCATGAAG.fasta.gz	32005	3d44db66376dffb43684486c4dae4e41472b13ed49ee98fdfaa7f174bc79d5e5
230810M-S-XXM-P11__PA-TACCTCTACCCGAATCTGTGTAC	3B	230810M-S-XXM-P11__PA-TACCTCTACCCGAATCTGTGTAC.fasta.gz	180064	fb14dd32e23cdc809b80d9e4f6a14028cb478b68aba1b7fc38f2af4c3e8f8e76
230810M-S-XXM-P11__PA-TACGGACAGGGAGTTGAGGTTG	3B	230810M-S-XXM-P11__PA-TACGGACAGGGAGTTGAGGTTG.fasta.gz	242704	d43622890f0bbe9181f5daac4dc37673c1ca6e715f8bac6ca21e3211a663414c
230810M-S-XXM-P11__PA-TAGACGCGTCAATGACGGCC	3B	230810M-S-XXM-P11__PA-TAGACGCGTCAATGACGGCC.fasta.gz	233087	805c66b89c87390d7002cde4ae43733d3aafb8c261aee2c7b93e814175aafa24
230810M-S-XXM-P11__PA-TAGATATGGACACGTGGTAG	3B	230810M-S-XXM-P11__PA-TAGATATGGACACGTGGTAG.fasta.gz	187396	6fd384111a371c51214084984456888a98d6959ff9778cf14ae5af648ce90511
230810M-S-XXM-P11__PA-TAGCGTTGACCGATGGCTCAGCA	3B	230810M-S-XXM-P11__PA-TAGCGTTGACCGATGGCTCAGCA.fasta.gz	172887	478251fcb274114545606b6f18f599469a20ef6c6d8b57875aa47f3746560c57
230810M-S-XXM-P11__PA-TAGGCTCTCCTGGCCTTCCG	3B	230810M-S-XXM-P11__PA-TAGGCTCTCCTGGCCTTCCG.fasta.gz	175339	1c58cb4843e44f6d86cc466bd864c0f77961b6289fb390ba945ad47cc4bbfb0a
230810M-S-XXM-P11__PA-TATGATTATCAGTAGAGTAA	3B	230810M-S-XXM-P11__PA-TATGATTATCAGTAGAGTAA.fasta.gz	55328	31d8737e87d35f178201e849ac37b3e825801de77e06100ae5b1ca2542e0298d
230810M-S-XXM-P11__PA-TATTATCAGAATCCACTGTCA	3B	230810M-S-XXM-P11__PA-TATTATCAGAATCCACTGTCA.fasta.gz	117881	0ce90962a19ea2a76df8c3b29640b4c2f8c9c051b48f1edae96e55218d737817
230810M-S-XXM-P11__PA-TCAAGACCGGATGAATTGCAT	3B	230810M-S-XXM-P11__PA-TCAAGACCGGATGAATTGCAT.fasta.gz	61359	5346304efffddb41bb2bb802fe8baef00b043d5c142f4c45bfc48ecb1aed8ac3
230810M-S-XXM-P11__PA-TCAGAGAGCCATGGCCTTCCG	3B	230810M-S-XXM-P11__PA-TCAGAGAGCCATGGCCTTCCG.fasta.gz	156589	7e8cb4cb9b430cd47ee57ff420c4fb5f18bf7f0629d5ab7df4127d2d3a9c94d9
230810M-S-XXM-P11__PA-TCATGTGTACCGAATAGCCGATG	3B	230810M-S-XXM-P11__PA-TCATGTGTACCGAATAGCCGATG.fasta.gz	68070	fb2abe4c354f57feb7205b8f37152060ad22050a5810dff79b9d114dd94008b3
230810M-S-XXM-P11__PA-TCCAATTATAATGTGATGGCG	3B	230810M-S-XXM-P11__PA-TCCAATTATAATGTGATGGCG.fasta.gz	191851	bef46eb43490000a22af5b8bc6dccfa748236b7194bc8b4b0d7130cbd30973fb
230810M-S-XXM-P11__PA-TCGACTGGACAACGGATTGT	3B	230810M-S-XXM-P11__PA-TCGACTGGACAACGGATTGT.fasta.gz	57987	8fa340d4742aab920eee3aed799435dd545d57c3346eb301285e9dd8250be1ce
230810M-S-XXM-P11__PA-TCGACTTCTCCGAGGACTCGCGT	3A	230810M-S-XXM-P11__PA-TCGACTTCTCCGAGGACTCGCGT.fasta.gz	102517	c3d12f7302c7a24837a24ef6e505c75867d96786738247de2bb737ff3660a1e7
230810M-S-XXM-P11__PA-TCGCGTGACAGAGGCTTCGTTC	3B	230810M-S-XXM-P11__PA-TCGCGTGACAGAGGCTTCGTTC.fasta.gz	113962	f711104c3640a0af8e2fbf520b6a1a86186b801a99cd1a2259a657b3c59e25b5
230810M-S-XXM-P11__PA-TCGCTAAGAGCGACCGTAAGTGT	3B	230810M-S-XXM-P11__PA-TCGCTAAGAGCGACCGTAAGTGT.fasta.gz	63633	c4f6f7e59c2f035aa538dcde81999d0213e51f3c78028f3d8b1aa108fba074cd
230810M-S-XXM-P11__PA-TCGCTATCGGAAGCCGAGGCA	3A	230810M-S-XXM-P11__PA-TCGCTATCGGAAGCCGAGGCA.fasta.gz	57512	a37accdca100c2ba7456d6738b199bb37c606a566a13839197f1629dce6d8fb8
230810M-S-XXM-P11__PA-TCGCTTCAGTCGATTGTACAATA	3B	230810M-S-XXM-P11__PA-TCGCTTCAGTCGATTGTACAATA.fasta.gz	31602	40ffd722b7e308a0cc55d698951bba7fff6a02de4923953f2b1ed66b3569d501
230810M-S-XXM-P11__PA-TCGTCGTCGCCGACAAGTGCGGT	3B	230810M-S-XXM-P11__PA-TCGTCGTCGCCGACAAGTGCGGT.fasta.gz	112550	2aedac43dd79baad6b62efa8457d49816c47a486fd01ed9dbd763faf6aad5ec1
230810M-S-XXM-P11__PA-TCGTCGTCGCCGAGCGACCGTGG	3B	230810M-S-XXM-P11__PA-TCGTCGTCGCCGAGCGACCGTGG.fasta.gz	140040	ec16052866f504a998440eb63257dfdaaf2653b4de044bff46c9ff4c7c4928e9
230810M-S-XXM-P11__PA-TCGTGCCTGTACACCTCCAGA	3B	230810M-S-XXM-P11__PA-TCGTGCCTGTACACCTCCAGA.fasta.gz	98957	d1e5c4fcf0d85cb3e3dabdb11530e9950aa25f892eb9e8fdcc3ec19004e224a5
230810M-S-XXM-P11__PA-TCGTTAGTCTAGTCGGATGAC	3B	230810M-S-XXM-P11__PA-TCGTTAGTCTAGTCGGATGAC.fasta.gz	102327	0a60cc7c787735017c14ff0282d0373b0185f1b28526d2e18659a6b7f9f0f783
230810M-S-XXM-P11__PA-TCGTTCTGCCAAACACCAGAC	3B	230810M-S-XXM-P11__PA-TCGTTCTGCCAAACACCAGAC.fasta.gz	99309	25b51211d74a2e53d673aafe5d097590d427b4c6873b99db4ddcadea3854659a
230810M-S-XXM-P11__PA-TCTGAGCTCTGACATTGGAGGA	3B	230810M-S-XXM-P11__PA-TCTGAGCTCTGACATTGGAGGA.fasta.gz	77169	b1275454bf58ad056d1f546f3ae30f938872d9adff1bafe03b9cdcde7e24dd17
230810M-S-XXM-P11__PA-TCTGGTGCGACCGCAGCAAG	3B	230810M-S-XXM-P11__PA-TCTGGTGCGACCGCAGCAAG.fasta.gz	80923	01eceaffd255922453c9ba6af6f2b1ca0c913ad0b8f03a574b8f95e8801afb4d
230810M-S-XXM-P11__PA-TGAATCTAAGGGAAGCAATG	3B	230810M-S-XXM-P11__PA-TGAATCTAAGGGAAGCAATG.fasta.gz	186140	6c039f0aafbbcd6fbd6ec0f02c486241423a76aa743bfc73900ef58db2466c97
230810M-S-XXM-P11__PA-TGATACGCCAGAGTTATAGGTG	3B	230810M-S-XXM-P11__PA-TGATACGCCAGAGTTATAGGTG.fasta.gz	69723	03a101db856b399709edf8d08d1f3d356d19566f3326132ce96d3afef23aeb10
230810M-S-XXM-P11__PA-TGCCGTCGATAGGACGTCCAG	3B	230810M-S-XXM-P11__PA-TGCCGTCGATAGGACGTCCAG.fasta.gz	97234	735b83bc91e810559119aeb0ea8d51b0c379804f1bfcb08fd5377c07237eae2a
230810M-S-XXM-P11__PA-TGCGCCTCCGGATCTGCAGCGT	3B	230810M-S-XXM-P11__PA-TGCGCCTCCGGATCTGCAGCGT.fasta.gz	160620	177c4691c8a1a255691742d277db688a86ad7504e8828c85cf5c4dd009c2c0f5
230810M-S-XXM-P11__PA-TGCGTGCCTATGGCTCAGCA	3B	230810M-S-XXM-P11__PA-TGCGTGCCTATGGCTCAGCA.fasta.gz	183940	05f59934d188fac2efde5a0117a3669e49f61ef1b6866f7159feefd0f44bb5a6
230810M-S-XXM-P11__PA-TGCTGTTGGACGAGGAAGCAATG	3B	230810M-S-XXM-P11__PA-TGCTGTTGGACGAGGAAGCAATG.fasta.gz	46993	7547945b2d766e7e81cc9665e93d655e0baa2475d7c2bd8b12007960a35babc2
230810M-S-XXM-P11__PA-TGGCAGTAAGCGAGTTGTTGTGA	3B	230810M-S-XXM-P11__PA-TGGCAGTAAGCGAGTTGTTGTGA.fasta.gz	236263	7286fa55e4d9bccfc035f0f1bdee2ec9b44b6a5b3b2aaaea0ef46f043efee6f2
230810M-S-XXM-P11__PA-TGGTAATCCGGATGCCTAACTT	3A	230810M-S-XXM-P11__PA-TGGTAATCCGGATGCCTAACTT.fasta.gz	47268	de6c7ddebc0f38351289fdebfa1aafbf0572145089f97e31e47ba86acf2fce0e
230810M-S-XXM-P11__PA-TGGTCACCTTAATGACTCCGT	3A	230810M-S-XXM-P11__PA-TGGTCACCTTAATGACTCCGT.fasta.gz	121966	bb42cd8791b76aa8500615bfa5904c8defe26e8f34e822a35f4e41c8565a8a0e
230810M-S-XXM-P11__PA-TTAAGCAATTGAAGGCGCGTGA	3B	230810M-S-XXM-P11__PA-TTAAGCAATTGAAGGCGCGTGA.fasta.gz	54450	c89d59520237caaf9f42dd7ba63aa27ad94f3af888ad4a9fb959f7e026fab226
230810M-S-XXM-P11__PA-TTATATCGCAGAACAGGATCAC	3A	230810M-S-XXM-P11__PA-TTATATCGCAGAACAGGATCAC.fasta.gz	130462	25253d46af020356902ce6690a76e46a011c079800186ac909fb4ed2f6d8d219
230810M-S-XXM-P11__PA-TTCATAAGCAACCGTAAGTGT	3B	230810M-S-XXM-P11__PA-TTCATAAGCAACCGTAAGTGT.fasta.gz	151112	ecff5a93476843e7458d0a06a55fff53e52123f9552fe9b2b459d80ec110fc16
230810M-S-XXM-P11__PA-TTCGGCTTGTGAATACTATGTT	3A	230810M-S-XXM-P11__PA-TTCGGCTTGTGAATACTATGTT.fasta.gz	227696	d8113c3a54d5e54ae410c996924653e54bf0b7a1bbc427be52ab05fc63abf247
230810M-S-XXM-P11__PA-TTGGCTGTACACGCCATTAGG	3B	230810M-S-XXM-P11__PA-TTGGCTGTACACGCCATTAGG.fasta.gz	147885	73845b830c8ca0eb8bcd1b06573e739a293941fc25f0fddbb033c81bc87705a3
230810M-S-XXM-P21__PA-AACTAGATCGCGAGTCCGTAATC	3B	230810M-S-XXM-P21__PA-AACTAGATCGCGAGTCCGTAATC.fasta.gz	28373	626fcf7336cc8cee6a2f35adcdd35049232da0bebfc9f31d89dba52e2413ec66
230810M-S-XXM-P21__PA-AAGCGACCAGATTGTACAATA	3B	230810M-S-XXM-P21__PA-AAGCGACCAGATTGTACAATA.fasta.gz	81248	70377b60f74b9c9e5463764fe21ca8e8c6717173325001109e96cbc81bd5d390
230810M-S-XXM-P21__PA-AAGCGTAGTCAATGGCCAGT	3B	230810M-S-XXM-P21__PA-AAGCGTAGTCAATGGCCAGT.fasta.gz	100802	deeec9a60d28da5b67baf10770e690c97369ce84b7f265e01eec1758063cd1f6
230810M-S-XXM-P21__PA-AAGCGTAGTCGGATCGCTGT	3B	230810M-S-XXM-P21__PA-AAGCGTAGTCGGATCGCTGT.fasta.gz	37558	8f2c00c1f0e341e8af878402f5c26a84b410017d5eb608379cac09682ee99a3a
230810M-S-XXM-P21__PA-AAGCTCTATGTGTCATCGTA	3B	230810M-S-XXM-P21__PA-AAGCTCTATGTGTCATCGTA.fasta.gz	221718	1460311415dcae933d3723c7d6c2adeb9268a40be5a602218bde668bf9c547d9
230810M-S-XXM-P21__PA-AATCGACCGCATCCTAAGCGA	3B	230810M-S-XXM-P21__PA-AATCGACCGCATCCTAAGCGA.fasta.gz	124760	320f2e09017138e098552367e4f2227f620f99e8820cb7f6d880067d82c08474
230810M-S-XXM-P21__PA-AATCTACCATCTGGTACTGT	3B	230810M-S-XXM-P21__PA-AATCTACCATCTGGTACTGT.fasta.gz	65056	f627b3401780ad03461efe147b14ad84976264ee66de3d2feb36a80a163029ee
230810M-S-XXM-P21__PA-AATGCACTATGACTAAGTGTGT	3B	230810M-S-XXM-P21__PA-AATGCACTATGACTAAGTGTGT.fasta.gz	230938	6d8cca0d2e4b686eb8089a9228ddd0bd817de3192ff161c4a7b31d19fc42fb9e
230810M-S-XXM-P21__PA-AATGCACTATGATTGAGGACAT	3B	230810M-S-XXM-P21__PA-AATGCACTATGATTGAGGACAT.fasta.gz	152961	82c7d305f80aea2731d021a6199965998a3e8aa5503fca7ded1139c3553f5f5e
230810M-S-XXM-P21__PA-AATTATATGTCGACTGGTACTGT	3B	230810M-S-XXM-P21__PA-AATTATATGTCGACTGGTACTGT.fasta.gz	138889	be4ed77d1a593fc44462efbd02fbd9e9bad12236cf17facae58b114795f974a4
230810M-S-XXM-P21__PA-AATTCGACAGGCCGCAAGCG	3A	230810M-S-XXM-P21__PA-AATTCGACAGGCCGCAAGCG.fasta.gz	38402	20de2fa67804a557d6b5b576bd4cead03e38792c398547e02c5835c2b92ba567
230810M-S-XXM-P21__PA-AATTGCGCCTGACGTCGTATTG	3B	230810M-S-XXM-P21__PA-AATTGCGCCTGACGTCGTATTG.fasta.gz	275700	e2f38c709d6567a05f15105cb783decbdc0b56d950cd49cbe00697c6cdc136ba
230810M-S-XXM-P21__PA-ACACGCGTGCATCACTAAGCA	3A	230810M-S-XXM-P21__PA-ACACGCGTGCATCACTAAGCA.fasta.gz	91874	720435274e3cf71dfe9b75d66608419abd55cea11bdbc369f898cd04c73b8f15
230810M-S-XXM-P21__PA-ACATCTTGCCTTGAGTAGAA	3B	230810M-S-XXM-P21__PA-ACATCTTGCCTTGAGTAGAA.fasta.gz	221414	57c5c35b487702ffc88fcab3f7aed4cdc612cda30bbae1b6d59147854bf9738d
230810M-S-XXM-P21__PA-ACCGAATATTAACAGTCTGAG	3B	230810M-S-XXM-P21__PA-ACCGAATATTAACAGTCTGAG.fasta.gz	122945	59c5ad9e256edf5c04c1910a6e089da080147814d80f630d9331df22e67ef49d
230810M-S-XXM-P21__PA-ACCGCTCGTCCGTACCTCTA	3B	230810M-S-XXM-P21__PA-ACCGCTCGTCCGTACCTCTA.fasta.gz	108797	a81eba60da34f357efab7639f43064dd81e93188f474e7fca104102fae06d600
230810M-S-XXM-P21__PA-ACCGGTAGATCGAAGGAATCTGC	3B	230810M-S-XXM-P21__PA-ACCGGTAGATCGAAGGAATCTGC.fasta.gz	69361	71edcddcc6f8888b222236636d901aa155278877bb02806578b1cacfd2b03fab
230810M-S-XXM-P21__PA-ACCTCACGACAATATCAGCTC	3B	230810M-S-XXM-P21__PA-ACCTCACGACAATATCAGCTC.fasta.gz	142652	a7f66af5f64a51131ff481266022d80c78c494d93a94fbd0f54df6630fce8b48
230810M-S-XXM-P21__PA-ACCTGGTCTCCGATGAATTGCAT	3A	230810M-S-XXM-P21__PA-ACCTGGTCTCCGATGAATTGCAT.fasta.gz	45230	a25b0b0fa7666952e49fc9904ead0fe4e3d74be80ef7fa9be5af6e0c18381751
230810M-S-XXM-P21__PA-ACGGTACCGCCGATTAGTCTTGC	3B	230810M-S-XXM-P21__PA-ACGGTACCGCCGATTAGTCTTGC.fasta.gz	100369	9e624242716d4a7577ee37883dcdf079d206d4a838206a56ca07738526a3bf78
230810M-S-XXM-P21__PA-ACTCCGGTACCGACCGGTCGTAC	3B	230810M-S-XXM-P21__PA-ACTCCGGTACCGACCGGTCGTAC.fasta.gz	157325	c130f0fc7262c6da4392c8c801df4fba672008626657d904775c9ba6f473ca4c
230810M-S-XXM-P21__PA-ACTGCGAGTCCGAACGAGCGAGC	3B	230810M-S-XXM-P21__PA-ACTGCGAGTCCGAACGAGCGAGC.fasta.gz	200113	0f6a28c1e21a86d069fa903201bcc664434af8edd84cf84a89b99714939b1096
230810M-S-XXM-P21__PA-AGAACAAGGAGAATTACCAGAA	3B	230810M-S-XXM-P21__PA-AGAACAAGGAGAATTACCAGAA.fasta.gz	121197	b8f6359b8e93bfd7e540aee037af28ed27fb051cbe2548573d268f5e224a15b3
230810M-S-XXM-P21__PA-AGAACCGTCGACCTGTTGTG	3B	230810M-S-XXM-P21__PA-AGAACCGTCGACCTGTTGTG.fasta.gz	91683	91279e32ad9fa472048ed5d94f87c90b8674e8f0538997c183bb5d1d01f9e737
230810M-S-XXM-P21__PA-AGAACCGTCGATAGAGACTA	3B	230810M-S-XXM-P21__PA-AGAACCGTCGATAGAGACTA.fasta.gz	186371	f824d99f7e2903786ca976696a9f52d55ae7f04a8c79440902cc71e1f8d73995
230810M-S-XXM-P21__PA-AGAAGTGACGCAAGTGCGGT	3B	230810M-S-XXM-P21__PA-AGAAGTGACGCAAGTGCGGT.fasta.gz	233288	467260c16f560b7bc98b50754dbd128f34cbb08f14b225e55ac1f928d23a8e01
230810M-S-XXM-P21__PA-AGACACCACGACGCGTTGACG	3B	230810M-S-XXM-P21__PA-AGACACCACGACGCGTTGACG.fasta.gz	45676	1502e85d0d0e0b9142f41ee2ff085c1511a6ec51ceeeaeeb4cb042307cf8a435
230810M-S-XXM-P21__PA-AGAGAGTTCAGGTGTTAATC	3B	230810M-S-XXM-P21__PA-AGAGAGTTCAGGTGTTAATC.fasta.gz	151164	c74f9d56bbe8c73d9e81ab5ac3bcce64d3ab765b4fee9fce77144adafbd0609d
230810M-S-XXM-P21__PA-AGAGAGTTCATTGTACAATA	3B	230810M-S-XXM-P21__PA-AGAGAGTTCATTGTACAATA.fasta.gz	118169	4b11323ecc42eae6008ecc375883d83da1daf517d651b09f2bdf7af37a5571a2
230810M-S-XXM-P21__PA-AGCGACCGCGGTGGCTTCTA	3B	230810M-S-XXM-P21__PA-AGCGACCGCGGTGGCTTCTA.fasta.gz	29381	88b97345e8436c4274b22bef7a67b59b077169b9af3ada64a0a9cd957b1476a7
230810M-S-XXM-P21__PA-AGCGCGATAAGACCATGAAG	3B	230810M-S-XXM-P21__PA-AGCGCGATAAGACCATGAAG.fasta.gz	108067	ce427e88114174b735dde2706037f574004b72549ee1b8b89ac6515a08c34efa
230810M-S-XXM-P21__PA-AGCGCGCGTTACGATGTGCTT	3B	230810M-S-XXM-P21__PA-AGCGCGCGTTACGATGTGCTT.fasta.gz	256726	79b2f261de4e132414f06ab65191e2321fed8a52a9fc2a5f4d65a474578814b4
230810M-S-XXM-P21__PA-AGCGCGTTCTGAGACAACCACC	3B	230810M-S-XXM-P21__PA-AGCGCGTTCTGAGACAACCACC.fasta.gz	101682	a140feb6fea17901b61d6ae67c380f7818907da1f4aebb47fd9c8c58d0d6ed7c
230810M-S-XXM-P21__PA-AGCGGTCTGAAAGGCGCGTGA	3B	230810M-S-XXM-P21__PA-AGCGGTCTGAAAGGCGCGTGA.fasta.gz	177996	fe89f5479ef676cb8d8d352ee2eef156df6c9474a82633951ad404e5092f39a3
230810M-S-XXM-P21__PA-AGGAACCTAGGAGTAGCACGGC	3B	230810M-S-XXM-P21__PA-AGGAACCTAGGAGTAGCACGGC.fasta.gz	162776	96f5202d63c4bff7d36034392a1ed5993e4f0f6e3ca1f108b1daddd796df176a
230810M-S-XXM-P21__PA-AGGAGCCATATCTCGCAAGA	3B	230810M-S-XXM-P21__PA-AGGAGCCATATCTCGCAAGA.fasta.gz	57517	2c24a091d2c0dfbf858461bff610fc3e119faad129ef4e889cdbc2ebecb700ca
230810M-S-XXM-P21__PA-AGGCAGTCCGCGACAACACACAC	3B	230810M-S-XXM-P21__PA-AGGCAGTCCGCGACAACACACAC.fasta.gz	104497	8bcfd5ede1e28c9f3d99f8bb2c040759282679ceea0f84a1309cfc74bc944d72
230810M-S-XXM-P21__PA-AGGCTGTGGAAAGTAGAGTAA	3B	230810M-S-XXM-P21__PA-AGGCTGTGGAAAGTAGAGTAA.fasta.gz	221296	111eed7abd21bb89a8c333eba4efa8434c8df0b2783c1ab1a84c06510ffdba41
230810M-S-XXM-P21__PA-AGGTTACTGAAAGCGAGAACC	3B	230810M-S-XXM-P21__PA-AGGTTACTGAAAGCGAGAACC.fasta.gz	145636	6f2191e4056ce6eb0ead72464a90f756daf13d60e53dc4b2252035c5fda31044
230810M-S-XXM-P21__PA-AGTCTGCGAGGATTGCACCAAT	3B	230810M-S-XXM-P21__PA-AGTCTGCGAGGATTGCACCAAT.fasta.gz	331133	cfd11def907237ff1b9a49cddbd57969b69ce6a0eccb12f857b47aa7d0307d84
230810M-S-XXM-P21__PA-ATAAGCTTCCAGGAATCTGC	3B	230810M-S-XXM-P21__PA-ATAAGCTTCCAGGAATCTGC.fasta.gz	96021	c532e991238d1ff760765f22ddd2957b94b205b4e7d66114eac3dda8da9280a8
230810M-S-XXM-P21__PA-ATACTGAGAACGAGGTCTGTTCT	3B	230810M-S-XXM-P21__PA-ATACTGAGAACGAGGTCTGTTCT.fasta.gz	118228	e3babe72ca2a504ed60538098935954352eb8d3ebcb02d02b1f1039b9348872d
230810M-S-XXM-P21__PA-ATAGAGTCACCGATTAGTCTTGC	3B	230810M-S-XXM-P21__PA-ATAGAGTCACCGATTAGTCTTGC.fasta.gz	110658	c75eba2285363e83270add4eb16930885472c3cd680071dd436adca37d417b0d
230810M-S-XXM-P21__PA-ATAGCTGCACCGAGACCGCGTGC	3B	230810M-S-XXM-P21__PA-ATAGCTGCACCGAGACCGCGTGC.fasta.gz	122467	a637fb7707f95a3fcfe1b398fff54870baf27b3e769e17624c5fde0d606a0659
230810M-S-XXM-P21__PA-ATAGTGATGCCGAGATAGTACGC	3B	230810M-S-XXM-P21__PA-ATAGTGATGCCGAGATAGTACGC.fasta.gz	163033	7291e6426bbd94129459ee20cf9c2d9f21fe80bab93fbaea29ff7470c9ccbef6
230810M-S-XXM-P21__PA-ATATAACATCACGGCTGCATT	3B	230810M-S-XXM-P21__PA-ATATAACATCACGGCTGCATT.fasta.gz	98368	1db9a075c9bf58f29d02010f141c1ee8358e7bb9d227390aed559e6251cb18cb
230810M-S-XXM-P21__PA-ATCAATCTCCAGCCTCTAGC	3B	230810M-S-XXM-P21__PA-ATCAATCTCCAGCCTCTAGC.fasta.gz	180060	c839b35417c491f5b34ca45364c66c6c8733f690f53cb0e59167b37ecf0f7b91
230810M-S-XXM-P21__PA-ATCACCGCCTGACTCATACGCT	3B	230810M-S-XXM-P21__PA-ATCACCGCCTGACTCATACGCT.fasta.gz	186216	53cc36d90cf64978eed61a7525a2a39801fc404ab5c8e6eef49e04eb8bc186c9
230810M-S-XXM-P21__PA-ATCCTCGTATGATTGATTGGAT	3B	230810M-S-XXM-P21__PA-ATCCTCGTATGATTGATTGGAT.fasta.gz	148563	1def5cc2bc1a28601a04fc4a19a7e47de36ad4fdd1078dba6cb18a9188b8b76a
230810M-S-XXM-P21__PA-ATCGTATATAACACTCTATC	3B	230810M-S-XXM-P21__PA-ATCGTATATAACACTCTATC.fasta.gz	83523	5342f5fa160a83702bd8d928a8de65b2dbef6fc27e0526010ad802ad77088085
230810M-S-XXM-P21__PA-ATGATGTTGCGAATGTTACCGG	3B	230810M-S-XXM-P21__PA-ATGATGTTGCGAATGTTACCGG.fasta.gz	132131	58233fb587264a3f3d7f8fdbaee130bbe8bd0b198d95559d9d22a01068b1317a
230810M-S-XXM-P21__PA-ATGGCAATCCGACCAGTAGCGT	3B	230810M-S-XXM-P21__PA-ATGGCAATCCGACCAGTAGCGT.fasta.gz	131795	a85ab4a0504ff6a88fb0011c4d7778bca330a02b0c7edf15945ecd138933bb6f
230810M-S-XXM-P21__PA-ATGGTGTGAGCGAGCCGCAAGCG	3B	230810M-S-XXM-P21__PA-ATGGTGTGAGCGAGCCGCAAGCG.fasta.gz	79153	91e532646ef17de297c083904df64a16f7215358b7c7018f916768aebeb5ec2d
230810M-S-XXM-P21__PA-ATTCAATCCTGAGCACTAATTC	3B	230810M-S-XXM-P21__PA-ATTCAATCCTGAGCACTAATTC.fasta.gz	18399	e6d4c67d2d57226b43f8e7b91a4f33ab80714debd0f20dc23cd7aef1babbf0c5
230810M-S-XXM-P21__PA-ATTCGACCTTCGAAGCCTACCAA	3B	230810M-S-XXM-P21__PA-ATTCGACCTTCGAAGCCTACCAA.fasta.gz	57650	036971d86942b989d91052618e22bb10b4263044ddee4f27a7761fe2b58ad6f8
230810M-S-XXM-P21__PA-ATTGATACGAAATGGCCAGT	3B	230810M-S-XXM-P21__PA-ATTGATACGAAATGGCCAGT.fasta.gz	138355	1077ba4d3908cd7c4cefc4bda3016e03c07fc31b46e17316807b31f4967e378b
230810M-S-XXM-P21__PA-CAAGCCTACTATCTCGTCTTA	3B	230810M-S-XXM-P21__PA-CAAGCCTACTATCTCGTCTTA.fasta.gz	119054	e854c9cfb57ec153e6a34dcfb88c3fdcd4cc4134fb2801116f25b3777c112691
230810M-S-XXM-P21__PA-CAATCTCGGTCGACACCGTAACT	3B	230810M-S-XXM-P21__PA-CAATCTCGGTCGACACCGTAACT.fasta.gz	122139	34c4d909729f5bd486c17632e2d98298054e9a2c49aca2936f86854b7e6a4370
230810M-S-XXM-P21__PA-CACATGACAGCGATGGATCGACC	3B	230810M-S-XXM-P21__PA-CACATGACAGCGATGGATCGACC.fasta.gz	209142	30175ecdbf95b3275f0f7f377cec0640cb4d26a967a27c5d4269b834d9ed3ed7
230810M-S-XXM-P21__PA-CACCACACCTAACGAGCGAGC	3B	230810M-S-XXM-P21__PA-CACCACACCTAACGAGCGAGC.fasta.gz	163063	2288a6c5ff5879f569a43bab09a292d7a896bd3ac9ee0e93196300c875c5b6d6
230810M-S-XXM-P21__PA-CACCGAACGTCGAGTTGGTCTAA	3A	230810M-S-XXM-P21__PA-CACCGAACGTCGAGTTGGTCTAA.fasta.gz	157457	73ee44f8625b42ba4e6077b7a3cfabb5c844dee6d38620d30f39f5f5a0cf2af8
230810M-S-XXM-P21__PA-CACGCCGGCCGAAAGTACATTC	3A	230810M-S-XXM-P21__PA-CACGCCGGCCGAAAGTACATTC.fasta.gz	123866	8a6f519dc7c163d4a1fe0663b282c88472a1f29d27be03d5fd3b290e7c1c2836
230810M-S-XXM-P21__PA-CACGTCAGGAGACTGCGTTACA	3B	230810M-S-XXM-P21__PA-CACGTCAGGAGACTGCGTTACA.fasta.gz	162737	de52b8b3ce9e6252f9e00a900e782746fd0f7689faca8e83173d9f11e96728b9
230810M-S-XXM-P21__PA-CACTGGCCGCGCAGCTCTAA	3B	230810M-S-XXM-P21__PA-CACTGGCCGCGCAGCTCTAA.fasta.gz	102709	c54337e19c0726ac99b935df5bc52242f481e44c40f9009b48adbea28daaf4f8
230810M-S-XXM-P21__PA-CAGAAGATGGCCGCGCATGA	3B	230810M-S-XXM-P21__PA-CAGAAGATGGCCGCGCATGA.fasta.gz	302740	6e2f9cfc68942120539fa43115c7fb9164e86c17350cd5ad40650310d3b17621
230810M-S-XXM-P21__PA-CAGACCAGCCGACCGCGCATGA	3B	230810M-S-XXM-P21__PA-CAGACCAGCCGACCGCGCATGA.fasta.gz	110845	73980f2fdaa2aef55be11cad54eca991708f6586551b1ef3dfe3990234f1b325
230810M-S-XXM-P21__PA-CAGACGCCATACGCGTCAAT	3B	230810M-S-XXM-P21__PA-CAGACGCCATACGCGTCAAT.fasta.gz	106170	5e19114d0a59d3849fb9540630874839fbff018eab119259b067eed0b50cbc10
230810M-S-XXM-P21__PA-CATAACATAGCAGCCGTTAA	3B	230810M-S-XXM-P21__PA-CATAACATAGCAGCCGTTAA.fasta.gz	139459	57961f9bbbe1540569cc247e860bf404e91cf48156caa6527f6a615a028aea6f
230810M-S-XXM-P21__PA-CATAACATAGCTTCCGGAAG	3B	230810M-S-XXM-P21__PA-CATAACATAGCTTCCGGAAG.fasta.gz	65441	3f0af90168ea6d9ebdff19c75bb41ae64e97907494a46244141a644a879477c6
230810M-S-XXM-P21__PA-CATCAAGGACGACGTGCACGGA	3B	230810M-S-XXM-P21__PA-CATCAAGGACGACGTGCACGGA.fasta.gz	165565	05dc3064affe9041bd124a872b29051e28778a80f96b898578cbd9819bfa4d2e
230810M-S-XXM-P21__PA-CATCACTGCGAAGAGGCCTAC	3A	230810M-S-XXM-P21__PA-CATCACTGCGAAGAGGCCTAC.fasta.gz	85892	e41acd2b6d1e8d9a51bc10ec7217c6eb0af60360dfad5c874c39ea3f32fd6c64
230810M-S-XXM-P21__PA-CCACAGCGTTGACCTGGCGGCA	3B	230810M-S-XXM-P21__PA-CCACAGCGTTGACCTGGCGGCA.fasta.gz	90493	068908d9a6a71eb6b48a6c5dfe0f9a1c830e0d8b08f5410276c37385c98eaf51
230810M-S-XXM-P21__PA-CCAGGACTATCGAAGTCAGACAA	3B	230810M-S-XXM-P21__PA-CCAGGACTATCGAAGTCAGACAA.fasta.gz	86611	8893c705810098cbe8b7bedfbaa01abcc5eb68d842d56678e6a12415e83a1338
230810M-S-XXM-P21__PA-CCAGTAGGAGCGAGTAAGATTAG	3A	230810M-S-XXM-P21__PA-CCAGTAGGAGCGAGTAAGATTAG.fasta.gz	90110	047f82ad59560e0bec35de221021f6c256010dfcb245e808b84f4141629d60bb
230810M-S-XXM-P21__PA-CCGAAGCTGAGGACTCGCGT	3B	230810M-S-XXM-P21__PA-CCGAAGCTGAGGACTCGCGT.fasta.gz	110931	11e306de1f3c34fc691562d17be24be0a2b99cd684961b6fc82007b1aaef1d53
230810M-S-XXM-P21__PA-CCGTCACTGGTCCTAAGCGA	3B	230810M-S-XXM-P21__PA-CCGTCACTGGTCCTAAGCGA.fasta.gz	130950	2e13c451ce5477d99d76684543c7eeb28e3939656fcb7e4d0a3dae829921fd0c
230810M-S-XXM-P21__PA-CCGTGTGCCGAAAGTGTGACT	3B	230810M-S-XXM-P21__PA-CCGTGTGCCGAAAGTGTGACT.fasta.gz	88338	f74f56ecbefa8f45ed4e7ef110e095e16c761fb1b896548e302e1ea1f8dbac14
230810M-S-XXM-P21__PA-CCGTTAGTTCGAGGACTCGCGT	3B	230810M-S-XXM-P21__PA-CCGTTAGTTCGAGGACTCGCGT.fasta.gz	188930	fe6b2986910f576193ccab737ea98871495741c7dd3ba9c1585b71d69ecd54ac
230810M-S-XXM-P21__PA-CCTCTCCTGACGACTTGCAACAA	3B	230810M-S-XXM-P21__PA-CCTCTCCTGACGACTTGCAACAA.fasta.gz	71104	eebef4c6693aa794bdb9d4c6547aa0e92850cf76efd9f4c95037a17483f715f0
230810M-S-XXM-P21__PA-CCTGCCTCCTTGTTCAGACG	3B	230810M-S-XXM-P21__PA-CCTGCCTCCTTGTTCAGACG.fasta.gz	67197	8d1bdee15969a045bc0384196e2044c0f64d12f16a73344b08b4c2dd87266d39
230810M-S-XXM-P21__PA-CGAATAGTCCACTTGCAACAA	3A	230810M-S-XXM-P21__PA-CGAATAGTCCACTTGCAACAA.fasta.gz	147276	10b3def6648f057d8cae15ea94dddc8277db58a7e4593b22e2f19399c0acab3c
230810M-S-XXM-P21__PA-CGAGTAGAGACGAGCACTAATTC	3B	230810M-S-XXM-P21__PA-CGAGTAGAGACGAGCACTAATTC.fasta.gz	33594	43ac05c65e84f0d68fe1ae7a8eead0061f0d2cdb16673c0772ec0aa6714e3ac1
230810M-S-XXM-P21__PA-CGCAGTCCTTAGAAGCATTAT	3B	230810M-S-XXM-P21__PA-CGCAGTCCTTAGAAGCATTAT.fasta.gz	122053	be71ada846238733dce2182185823290f07b56f483f0dc77046fccc2bc01cecc
230810M-S-XXM-P21__PA-CGCCGCGACTAGCCGCAAGCG	3B	230810M-S-XXM-P21__PA-CGCCGCGACTAGCCGCAAGCG.fasta.gz	199783	042dab806bd0a3b729ce1a3e806e6f1d1962cb22be8a057920cc59c57c3247bb
230810M-S-XXM-P21__PA-CGGAGAACGTGAGTGTGTCAGC	3B	230810M-S-XXM-P21__PA-CGGAGAACGTGAGTGTGTCAGC.fasta.gz	117516	d2e3cd87b05261e8826a6a4af823a4639dc8468509e7f8ee3bf404fab0cffd1e
230810M-S-XXM-P21__PA-CGGCACGTCGGATAGTACGC	3B	230810M-S-XXM-P21__PA-CGGCACGTCGGATAGTACGC.fasta.gz	237905	e1eba27d8cb4cd170cd9d658edc4ad8b32b1c9eb868fb155242247ef33059c3d
230810M-S-XXM-P21__PA-CGTCGCGAAGGAGCGTGCTGTG	3A	230810M-S-XXM-P21__PA-CGTCGCGAAGGAGCGTGCTGTG.fasta.gz	41857	23e690c4aaaea70a807a781a98bb931031de8703b2160f05cce71a0ec39a61f8
230810M-S-XXM-P21__PA-CGTTGGTGGCGAATCTCTCGGA	3B	230810M-S-XXM-P21__PA-CGTTGGTGGCGAATCTCTCGGA.fasta.gz	84126	5937bffda78efd875f37ce1076ea80b0cc4024354ad9a1b8cc80956aec75d4ae
230810M-S-XXM-P21__PA-CGTTGGTGGCGATGAGACCTCC	3A	230810M-S-XXM-P21__PA-CGTTGGTGGCGATGAGACCTCC.fasta.gz	93927	9d4818b1617f0ec01dbcc74027f2d5c0d9bbccf5913b74207d7053d0512d18fd
230810M-S-XXM-P21__PA-CTAACCATGCGACGCATATGTT	3B	230810M-S-XXM-P21__PA-CTAACCATGCGACGCATATGTT.fasta.gz	60359	3e8620e8ee9ab4fe20be13a9312c3efc14076b74251067337343eb2e3a926426
230810M-S-XXM-P21__PA-CTAGCTCATGCGAGGCCACACGC	3A	230810M-S-XXM-P21__PA-CTAGCTCATGCGAGGCCACACGC.fasta.gz	72038	b38b7022529f484d6d61bc0e6681f5a3e629b5a89b540cf8e9b15ed807363593
230810M-S-XXM-P21__PA-CTAGCTCATGCGATCTCGTCTTA	3B	230810M-S-XXM-P21__PA-CTAGCTCATGCGATCTCGTCTTA.fasta.gz	112891	4fae48063ee75a4df1140cda3941462efef5a38ba7569b94c728f2ab6fc48ca7
230810M-S-XXM-P21__PA-CTATGCTAACTCACACAAGG	3A	230810M-S-XXM-P21__PA-CTATGCTAACTCACACAAGG.fasta.gz	89995	73e3700207b45f28f0dc09fb33567ec11e7ecc0d6a64472a01191162ecbfee0c
230810M-S-XXM-P21__PA-CTCAATGCAGGAAACTTATTAA	3B	230810M-S-XXM-P21__PA-CTCAATGCAGGAAACTTATTAA.fasta.gz	179051	61c03ea754faf92a03f7091f5b5ce37949127490730fafe7001e473ee148bece
230810M-S-XXM-P21__PA-CTCAGATTACCGAACGTCCAGTC	3B	230810M-S-XXM-P21__PA-CTCAGATTACCGAACGTCCAGTC.fasta.gz	130633	d6eac44e99ca5e09ddf7dae3c79ac80cf9442a3bcf164ef2efa395bfe9bbac76
230810M-S-XXM-P21__PA-CTCAGTTAGGCGAAGCGAGAACC	3B	230810M-S-XXM-P21__PA-CTCAGTTAGGCGAAGCGAGAACC.fasta.gz	28561	400ed693489c8e30e9824a4c29a5f90989959bf1c31cfbf55079000841bab141
230810M-S-XXM-P21__PA-CTCCACCGGCGAATGACTCCGT	3B	230810M-S-XXM-P21__PA-CTCCACCGGCGAATGACTCCGT.fasta.gz	70516	4c94f3326eafa4a7b9aa952984d454b60d9a0c4a2be185f7abd10002e88382eb
230810M-S-XXM-P21__PA-CTCCACTAGTGATGAACCTATC	3B	230810M-S-XXM-P21__PA-CTCCACTAGTGATGAACCTATC.fasta.gz	167080	517312a3181a013844f48c6d08b061af83407ae4a04207b9514aa3e8ca045aa0
230810M-S-XXM-P21__PA-CTCCGTGTAGCGAGGCACGGCTG	3B	230810M-S-XXM-P21__PA-CTCCGTGTAGCGAGGCACGGCTG.fasta.gz	144948	41d24dfa9d2fc0f4fb6f252def4b0652d48d37a5c547c86005e9d9ed96d50adf
230810M-S-XXM-P21__PA-CTCGCAGTTGGACAGCCGTTAA	3A	230810M-S-XXM-P21__PA-CTCGCAGTTGGACAGCCGTTAA.fasta.gz	97296	fa0947aae9c628ee406d421f3fffef8b3d2698f2a3d73a42edc0f646bc023808
230810M-S-XXM-P21__PA-CTCTGCATCCGACTCTATGGCT	3A	230810M-S-XXM-P21__PA-CTCTGCATCCGACTCTATGGCT.fasta.gz	97638	840f2cac357ef9dd4faa0bc22b6d0da37bb0a554168fcf267ce276d1513d7d98
230810M-S-XXM-P21__PA-CTCTGTGTTAAATGGCCAGT	3A	230810M-S-XXM-P21__PA-CTCTGTGTTAAATGGCCAGT.fasta.gz	93839	ab952a1fe6f82a1b5b375e896e42d4f02b32625d594caf07f9dc33351946a315
230810M-S-XXM-P21__PA-CTGATTAACGAGGAGCATCGG	3A	230810M-S-XXM-P21__PA-CTGATTAACGAGGAGCATCGG.fasta.gz	279159	fdc95d3843e2b5721418a747305e2ef90cc3f5df5516fde0e2fb1a72ef4cdbdb
230810M-S-XXM-P21__PA-CTGATTAGGTATTCGGAACA	3B	230810M-S-XXM-P21__PA-CTGATTAGGTATTCGGAACA.fasta.gz	67392	c54b2a2a99fe43c9d0ffbe05cd6dc45356164cfccd4ac7b6e74a7376a67de305
230810M-S-XXM-P21__PA-CTTATAGTGAGAAGTCGGCATT	3B	230810M-S-XXM-P21__PA-CTTATAGTGAGAAGTCGGCATT.fasta.gz	21560	428fc2c3811214eaf52c4f9e422d333bdc0b08bd1d63729b82be9eccc0e3fd8c
230810M-S-XXM-P21__PA-CTTGCCAGCAAATTAAGACTG	3B	230810M-S-XXM-P21__PA-CTTGCCAGCAAATTAAGACTG.fasta.gz	202605	76e904773658fe56ba2ee96041c25cef774062986fe62d0693df416cdd30e478
230810M-S-XXM-P21__PA-GAACGACTGTACTCATTCCGG	3B	230810M-S-XXM-P21__PA-GAACGACTGTACTCATTCCGG.fasta.gz	96695	7c18db786c0cb99800c092fde5a8a3dda9001ecffff35331d5bf8866379bd9bd
230810M-S-XXM-P21__PA-GAACGCAATCAATTCTGGCTG	3A	230810M-S-XXM-P21__PA-GAACGCAATCAATTCTGGCTG.fasta.gz	48349	235d098ed28d5ae666983812a93f4d5c57a72a503e308126c62e42e948fb9c1a
230810M-S-XXM-P21__PA-GAACGCAATCACGTACCTCTA	3B	230810M-S-XXM-P21__PA-GAACGCAATCACGTACCTCTA.fasta.gz	239893	9c99e5359e2768f7fab0542bcdcea7405872191017ecf09976966e033306d17f
230810M-S-XXM-P21__PA-GAAGCGGCGTCGACCACAGCCGA	3B	230810M-S-XXM-P21__PA-GAAGCGGCGTCGACCACAGCCGA.fasta.gz	126295	ecbfed66bd95ff7060486e9e21aa69de35065456bd144ed3e85ea7e436cc985b
230810M-S-XXM-P21__PA-GACACATATTCGAGCTCTCACAG	3B	230810M-S-XXM-P21__PA-GACACATATTCGAGCTCTCACAG.fasta.gz	186076	e2f4fbefee7749c193ee69ea0c9ea5ce3b3d0dec7a0daa7b267a5d5b418e35e0
230810M-S-XXM-P21__PA-GACATAGTCCGTAAGATTAG	3B	230810M-S-XXM-P21__PA-GACATAGTCCGTAAGATTAG.fasta.gz	138254	a49bb53819897206ad035ae1f67745d3c32a1b26ee3fe2417eb423d950d19c04
230810M-S-XXM-P21__PA-GACATGGAGCGATCAGCCGGTT	3B	230810M-S-XXM-P21__PA-GACATGGAGCGATCAGCCGGTT.fasta.gz	194926	2cd25d899b26a2bf5e1c3eef6aae4c4d3ccbb63ba8e2e3811e1bb2bd98dac4c1
230810M-S-XXM-P21__PA-GACGATCCTTCGATCACTCTCGA	3B	230810M-S-XXM-P21__PA-GACGATCCTTCGATCACTCTCGA.fasta.gz	128133	e9edc87b0d60fe6e61d54aa67db3cffd565a9f5d2a9abfcadb514d9c703c6d2d
230810M-S-XXM-P21__PA-GACGTCGGAACGAGTCGATTCGT	3B	230810M-S-XXM-P21__PA-GACGTCGGAACGAGTCGATTCGT.fasta.gz	235308	a8b92328de009a3da15c71dbfbe861ae4dfa88690dd976f497daf487190b9e2c
230810M-S-XXM-P21__PA-GACTGTCTACCGACTGGTACTGT	3B	230810M-S-XXM-P21__PA-GACTGTCTACCGACTGGTACTGT.fasta.gz	139210	a471c7477c58781462063f28159102aea60c8829abd1028512546ab80a80ab95
230810M-S-XXM-P21__PA-GAGGCCGCTGCGACATCAGCTCC	3B	230810M-S-XXM-P21__PA-GAGGCCGCTGCGACATCAGCTCC.fasta.gz	109754	bd2a982a9a1570c51e9403dfb92f81f17eb5ea2563ae81dd77e1cdece6485041
230810M-S-XXM-P21__PA-GATAGTAATTAGGTACCTTAA	3B	230810M-S-XXM-P21__PA-GATAGTAATTAGGTACCTTAA.fasta.gz	129097	646eba87892eaf45ac47301ced76c39fff4be04e915ac962814725416a62625e
230810M-S-XXM-P21__PA-GATGAAGCGTATCCGATTCGA	3B	230810M-S-XXM-P21__PA-GATGAAGCGTATCCGATTCGA.fasta.gz	121472	15840b8c13befc8a48a2e3d51adc6fb00f105284d9324474262d28d0013bc20a
230810M-S-XXM-P21__PA-GATGGAGCAGCGATTCAGGAGGT	3B	230810M-S-XXM-P21__PA-GATGGAGCAGCGATTCAGGAGGT.fasta.gz	150352	3bfd75306967bd3dfa2a6f0c364c642dd04e85b6a5b4397475c48c20d0048aff
230810M-S-XXM-P21__PA-GATTCAGGCCAAGCCGTGACC	3A	230810M-S-XXM-P21__PA-GATTCAGGCCAAGCCGTGACC.fasta.gz	168984	539d1fc2c09c7947c7e5597b11fd7bad6c7bde30e45c1924b9f533fa0c86d4f3
230810M-S-XXM-P21__PA-GCAAGTAAGACGAACGTCCAGTC	3B	230810M-S-XXM-P21__PA-GCAAGTAAGACGAACGTCCAGTC.fasta.gz	140716	3e0c18c901d3cac90b27124d6121e819170256fa4dcdc8023a1bfce997cfbbfb
230810M-S-XXM-P21__PA-GCACGCAGCGATCACACAAGG	3B	230810M-S-XXM-P21__PA-GCACGCAGCGATCACACAAGG.fasta.gz	101174	58f4963caebe68ff53582450c7fa390943bf10a624906429b020354985784c2a
230810M-S-XXM-P21__PA-GCACGCTAATGAAAGCGTCCTA	3B	230810M-S-XXM-P21__PA-GCACGCTAATGAAAGCGTCCTA.fasta.gz	170113	103bc6d50c153ae7c1a7cfa514b4f2aaf2f734d07222a57f301a3a00bca80155
230810M-S-XXM-P21__PA-GCACGCTAATGATAGTGTCATG	3B	230810M-S-XXM-P21__PA-GCACGCTAATGATAGTGTCATG.fasta.gz	126409	8c00e91fe4a387dc345bdc6760979613096b9b1e52e3b6196f87b4432e30579b
230810M-S-XXM-P21__PA-GCAGGAAGGAATAAGGACTGC	3A	230810M-S-XXM-P21__PA-GCAGGAAGGAATAAGGACTGC.fasta.gz	126993	0849c143e2ed14dd1287536594b4d93e23b63a34c2246423d9c1175f2605fc13
230810M-S-XXM-P21__PA-GCCACTGAGAACTATTCAGCA	3B	230810M-S-XXM-P21__PA-GCCACTGAGAACTATTCAGCA.fasta.gz	213649	b8a0d6aba3dc5daacb5e9817547a9511b9b6f11811e0b5a9985c2c018b338976
230810M-S-XXM-P21__PA-GCCATTGTACGAAACACCAGAC	3B	230810M-S-XXM-P21__PA-GCCATTGTACGAAACACCAGAC.fasta.gz	166747	dbca2b1249d99f614dae9709dd487edbcc9758f2eb71ff607c65728e4a5c104e
230810M-S-XXM-P21__PA-GCCTAGGTGGATCACGGTACA	3B	230810M-S-XXM-P21__PA-GCCTAGGTGGATCACGGTACA.fasta.gz	184149	b417b83fd87a5687f59a39fd6873019e30bdab29e9e0ae84c51463750770dee1
230810M-S-XXM-P21__PA-GCGCAGAAGCAAGTGGCGTTC	3B	230810M-S-XXM-P21__PA-GCGCAGAAGCAAGTGGCGTTC.fasta.gz	44918	ea0ae48e60524afb8821e6ca8a7ca78a467a712955661382d0b8110e9fd997c2
230810M-S-XXM-P21__PA-GCGCAGAGATAGTTATAGGTG	3B	230810M-S-XXM-P21__PA-GCGCAGAGATAGTTATAGGTG.fasta.gz	39195	36ca8942b27a8b5fc062a55478bf03086eb4f1e31517247bcc1dd9498ac2a331
230810M-S-XXM-P21__PA-GCGCGAGAGCATGTCATCGTA	3B	230810M-S-XXM-P21__PA-GCGCGAGAGCATGTCATCGTA.fasta.gz	28616	6e94b24d4c9ca6c6e699cb7d544b565a7dfd65ef20e6d417adb41afd3964ec3b
230810M-S-XXM-P21__PA-GCGTTATATACGAGCATAATGCG	3B	230810M-S-XXM-P21__PA-GCGTTATATACGAGCATAATGCG.fasta.gz	272869	0b00c4c0b521ea3301709686cfe9e16d8ffa68b1dc8581b0c91cc5a47d3cab81
230810M-S-XXM-P21__PA-GCTCTGAACGCGATAACACGATT	3B	230810M-S-XXM-P21__PA-GCTCTGAACGCGATAACACGATT.fasta.gz	46041	2f0bc452360c188dbec0d31a7fc29278b8b231e70e18f7c3c6ae60bb64ff5ae7
230810M-S-XXM-P21__PA-GCTGACGACGGATAGTACGC	3B	230810M-S-XXM-P21__PA-GCTGACGACGGATAGTACGC.fasta.gz	104064	34be510842198d095df6865ecb2a5e1106153d3d3d755a157860d2115a936693
230810M-S-XXM-P21__PA-GGAGTGAGAGGAAGTGACCTAT	3B	230810M-S-XXM-P21__PA-GGAGTGAGAGGAAGTGACCTAT.fasta.gz	136586	596bb115c04bfd8eed06e5001e6261d2334f4613e73de0bf7aa853126cf27213
230810M-S-XXM-P21__PA-GGATGTATAAATGGCTCAGCA	3B	230810M-S-XXM-P21__PA-GGATGTATAAATGGCTCAGCA.fasta.gz	105290	def26380ccfa942d4394c4e50f6ef04ff2d703c20c844191cd9bfa65839977f0
230810M-S-XXM-P21__PA-GGCAGACACTAAAGTGGCTTA	3B	230810M-S-XXM-P21__PA-GGCAGACACTAAAGTGGCTTA.fasta.gz	14233	c04bd089607ef58f8cfe1b1ebf487910cdc3fc2c198ab1f067aa8c655464cd1e
230810M-S-XXM-P21__PA-GGCCGATTCTCGCAGACCAG	3B	230810M-S-XXM-P21__PA-GGCCGATTCTCGCAGACCAG.fasta.gz	147649	5bca3a0f7f0ac6f19c07032a05361531ed567071e22f53e2c5afb8916633d1d5
230810M-S-XXM-P21__PA-GGCGGAATTAGACAAGCTAGCT	3B	230810M-S-XXM-P21__PA-GGCGGAATTAGACAAGCTAGCT.fasta.gz	112042	56eaa44e5d6a6808ca8d0596b96ae5e7d21d1bb083b748312db16ceb7986e4ac
230810M-S-XXM-P21__PA-GGCTCTACAAGAGAGAACGATT	3B	230810M-S-XXM-P21__PA-GGCTCTACAAGAGAGAACGATT.fasta.gz	197915	879f5944fe403a89c1433ed4a4f928d08f9f8c3f33d7e606d18548111787142a
230810M-S-XXM-P21__PA-GGTACCGGAGGACCTGAGTCTA	3B	230810M-S-XXM-P21__PA-GGTACCGGAGGACCTGAGTCTA.fasta.gz	44176	47862433affd36bd719ef23a6d7aa8c3e0b28a896c65b55f138fcc8b4e924ad4
230810M-S-XXM-P21__PA-GGTAGGACTAGAACGTCCAGTC	3A	230810M-S-XXM-P21__PA-GGTAGGACTAGAACGTCCAGTC.fasta.gz	125215	d9ed711e9654637787998dbed6b69fad319239925fc37beeb426b5cb8b6462d2
230810M-S-XXM-P21__PA-GGTCAGTGTAGTCCGTAATC	3A	230810M-S-XXM-P21__PA-GGTCAGTGTAGTCCGTAATC.fasta.gz	42114	19a44bb09b66d325d0dfed29cb28f8c827070cf5214da4f4f8806369ccac75d6
230810M-S-XXM-P21__PA-GTAACAGGCGACTGAGTGCTG	3B	230810M-S-XXM-P21__PA-GTAACAGGCGACTGAGTGCTG.fasta.gz	64514	71b6a276a3de3ed4c8a98e6ae5bb7110994647c8fb080f071e7a69faf74eb696
230810M-S-XXM-P21__PA-GTACTGACTCCGAACCGGACATC	3B	230810M-S-XXM-P21__PA-GTACTGACTCCGAACCGGACATC.fasta.gz	60818	e174dcbbfde733d8ce0b55ca701a1f7768203a6ea88f72244a81e7ab50d9c5cc
230810M-S-XXM-P21__PA-GTCCGGTAAGCGACCTGAGTCTA	3A	230810M-S-XXM-P21__PA-GTCCGGTAAGCGACCTGAGTCTA.fasta.gz	96353	039928d82c23fc72dd0da0e64881cff9f4b978fab04e6adc067486d812ace871
230810M-S-XXM-P21__PA-GTCGCCTAGATCTGGTCTCG	3B	230810M-S-XXM-P21__PA-GTCGCCTAGATCTGGTCTCG.fasta.gz	50638	1db4bcd9c71585ceb91f7368205341af9c5a146b7c798f49e580a3553844d72b
230810M-S-XXM-P21__PA-GTCGGAACTCCGATCAGTGTTAA	3B	230810M-S-XXM-P21__PA-GTCGGAACTCCGATCAGTGTTAA.fasta.gz	133150	7d8877a6ab70ed755db4d02c3867c9bb1632def400559d7734ae3b778a1d1c02
230810M-S-XXM-P21__PA-GTCGTGGCTACGACAGCTAACAC	3B	230810M-S-XXM-P21__PA-GTCGTGGCTACGACAGCTAACAC.fasta.gz	174626	4a46c4b7e6e67dd017d25bc70daa56947c0a9ab6ce1bad548b4a7af7dc5526b9
230810M-S-XXM-P21__PA-GTTCACTAACATCTGTGTAC	3B	230810M-S-XXM-P21__PA-GTTCACTAACATCTGTGTAC.fasta.gz	194416	daf51007254fe840f7b5e9e3cb74174c43c7ce883a5b088c79d8c4b2931cc39d
230810M-S-XXM-P21__PA-GTTGCGAATTCGAGCCGGAGCGG	3B	230810M-S-XXM-P21__PA-GTTGCGAATTCGAGCCGGAGCGG.fasta.gz	64832	365b0819bb617a753e44bfdb6fb16b604540aa675574334f459b2c065cd561ca
230810M-S-XXM-P21__PA-GTTGTAACACCGAGGCTGTCTTG	3B	230810M-S-XXM-P21__PA-GTTGTAACACCGAGGCTGTCTTG.fasta.gz	156380	33d26bd9f2b657c4314da091411a50c686f93433a1e7b22070fcdb7eebd38954
230810M-S-XXM-P21__PA-GTTGTTCCGGGATTCACTTCAA	3A	230810M-S-XXM-P21__PA-GTTGTTCCGGGATTCACTTCAA.fasta.gz	30883	a47082fa74e2e4c7c6875e9892d71934b58e1bf230c5e408c0551505379ef350
230810M-S-XXM-P21__PA-TAACGTGATGAATTCGGAACA	3B	230810M-S-XXM-P21__PA-TAACGTGATGAATTCGGAACA.fasta.gz	135669	c4c9ced083aaf959af9ac5a38c387f8dbbe93bc4bac0884caa5db2d4bafe0912
230810M-S-XXM-P21__PA-TAAGAAGGACCGCAGACCAG	3B	230810M-S-XXM-P21__PA-TAAGAAGGACCGCAGACCAG.fasta.gz	136351	b719352030158ef0ea72798ded837a0b4ab443b7d7a21cc9bd49de1e2472e56a
230810M-S-XXM-P21__PA-TAAGATGTCGTGGCTCAGCA	3B	230810M-S-XXM-P21__PA-TAAGATGTCGTGGCTCAGCA.fasta.gz	201878	b41ed29e2d6926c756a11ba3ae8b13871fe594baa6d94b26335d7a92be19cc7a
230810M-S-XXM-P21__PA-TAAGCGCTCTACGACGGTAAC	3B	230810M-S-XXM-P21__PA-TAAGCGCTCTACGACGGTAAC.fasta.gz	123248	c3b394699a61b60bc92be24db8965693059b67c7b1efc8276e7f0e989771b713
230810M-S-XXM-P21__PA-TAATAATATGCGATGATCACGTC	3A	230810M-S-XXM-P21__PA-TAATAATATGCGATGATCACGTC.fasta.gz	126812	72fdb46816641376e2a4e768d22cd75ce1925540da1d8f8584441e95bbf76223
230810M-S-XXM-P21__PA-TAATATGAGGATCGGCTGAA	3B	230810M-S-XXM-P21__PA-TAATATGAGGATCGGCTGAA.fasta.gz	179258	8bccc96927411400dbba69472858a62b4f7a8f2d76a774f89686096849665fdd
230810M-S-XXM-P21__PA-TACCTGCCGTATTGCGTTCG	3A	230810M-S-XXM-P21__PA-TACCTGCCGTATTGCGTTCG.fasta.gz	43581	e2c757546b802b7d5bbd5f8c4fc6dbce2c04c9bac994a622093728aa64d9d6b0
230810M-S-XXM-P21__PA-TAGCAGCCGGGAGAGGTCTCCT	3A	230810M-S-XXM-P21__PA-TAGCAGCCGGGAGAGGTCTCCT.fasta.gz	118942	4a246050114dea4d518e07be3fdbacac6f88928199c24d1cc4055c2935396396
230810M-S-XXM-P21__PA-TAGCTTCCACACAACCGTGTA	3A	230810M-S-XXM-P21__PA-TAGCTTCCACACAACCGTGTA.fasta.gz	83222	a08df636710057d47707ee8a1ae6451107c94da253c7db9eaa6ca5c56eea8a4a
230810M-S-XXM-P21__PA-TAGCTTCCACACGCACGAATT	3B	230810M-S-XXM-P21__PA-TAGCTTCCACACGCACGAATT.fasta.gz	126912	1a16002f5eeb0fd41893be84f32fd48ffc34a4fc3a7c603f0cc2ad8c3a357965
230810M-S-XXM-P21__PA-TAGGAGTTGCAATTGCGTTCG	3A	230810M-S-XXM-P21__PA-TAGGAGTTGCAATTGCGTTCG.fasta.gz	118769	64915261430a952cf277c3b11aca2ef18956ef86d7cb64b98a4563669d090f12
230810M-S-XXM-P21__PA-TAGGCTCTCCGCAGCCTAAC	3B	230810M-S-XXM-P21__PA-TAGGCTCTCCGCAGCCTAAC.fasta.gz	71720	27e7e5358be13f9e473f8d90c4397f5a05b4c50b7b7219fea619a816daf8bea6
230810M-S-XXM-P21__PA-TAGGTGAAGACGCATATGTT	3B	230810M-S-XXM-P21__PA-TAGGTGAAGACGCATATGTT.fasta.gz	61161	9731cf908b8b01d6f3732501845a16922054e1f09642d3a864431025a261ae54
230810M-S-XXM-P21__PA-TAGTTACGTCAAACCAGATAT	3B	230810M-S-XXM-P21__PA-TAGTTACGTCAAACCAGATAT.fasta.gz	114485	a269033a54e1bff4db72c3cf57f04d3c1f96e5af6c91dfb2fc333b47716ae1e5
230810M-S-XXM-P21__PA-TAGTTACGTCATAACACGATT	3B	230810M-S-XXM-P21__PA-TAGTTACGTCATAACACGATT.fasta.gz	202701	ecd045887d56aeac6993c826813a2a4b928f290bc86fc7c00044839ae735d6d1
230810M-S-XXM-P21__PA-TATATCCTCTGAGTCATGCCAG	3B	230810M-S-XXM-P21__PA-TATATCCTCTGAGTCATGCCAG.fasta.gz	154740	41e4d58c94919cf62d630f56083b1c7e4509f76638f5ea4869d7efadbb225599
230810M-S-XXM-P21__PA-TATATCCTCTGATACACTAGTC	3B	230810M-S-XXM-P21__PA-TATATCCTCTGATACACTAGTC.fasta.gz	131813	ea2e04ad4a9456d7122fed0c3346c473a163164aca7d41e1867f7317881e4da4
230810M-S-XXM-P21__PA-TATTCACACAAATGAGTTCAC	3B	230810M-S-XXM-P21__PA-TATTCACACAAATGAGTTCAC.fasta.gz	187933	548a77b1ba32331022821c85e144d76e17c677e0de28f757a9e8a5e2a7878be9
230810M-S-XXM-P21__PA-TATTCGTAAGATGGCTATTG	3A	230810M-S-XXM-P21__PA-TATTCGTAAGATGGCTATTG.fasta.gz	211329	be25f3f01a1631b5c06e547612bf40c96c25d475221271469b039e8992ed146b
230810M-S-XXM-P21__PA-TCACATTGGTCGACAAGTGCTCC	3B	230810M-S-XXM-P21__PA-TCACATTGGTCGACAAGTGCTCC.fasta.gz	112485	f0a5e86921b0395883f45bbcbc8719f68b9692fe397de263988f94063560fc63
230810M-S-XXM-P21__PA-TCATCTCATTCGAGAATGATATA	3B	230810M-S-XXM-P21__PA-TCATCTCATTCGAGAATGATATA.fasta.gz	92319	c9e92abd2a742081040483074fe7342d61557d26c063bfbf41e1aa15ed12cfa4
230810M-S-XXM-P21__PA-TCCAGTGTGTATGTCCAACCT	3B	230810M-S-XXM-P21__PA-TCCAGTGTGTATGTCCAACCT.fasta.gz	137979	130b3dad51ded5dac54bd48e894c8d04e2742fc53106f9bf3a9456dd152f0834
230810M-S-XXM-P21__PA-TCGAACAATCGACAGCCGTTAA	3A	230810M-S-XXM-P21__PA-TCGAACAATCGACAGCCGTTAA.fasta.gz	132460	c46d59aaaecd324ad725eca3d3dee66d705a04de0ff01ef0eac05ce166e56b33
230810M-S-XXM-P21__PA-TCGATGGCGCAGTCGCGTTCA	3B	230810M-S-XXM-P21__PA-TCGATGGCGCAGTCGCGTTCA.fasta.gz	146490	37ffef83dcd9d7e32f2d3db7d32fb268586d716900e028cadf5dcad2f1d9eb6d
230810M-S-XXM-P21__PA-TCGCTCTTCACGAGAGAACGATT	3A	230810M-S-XXM-P21__PA-TCGCTCTTCACGAGAGAACGATT.fasta.gz	58117	34991e63fbe7e578c547121b8e32341f0e3f2616759aa27bfbdb28e579c84e81
230810M-S-XXM-P21__PA-TCGTGCCTGTATCACTCTCGA	3B	230810M-S-XXM-P21__PA-TCGTGCCTGTATCACTCTCGA.fasta.gz	141282	4366ef72e5ad1da5abe7528de47b72b74a84d44755166571a3e1c87efec3fdaa
230810M-S-XXM-P21__PA-TCTTCCAACAGAAGTCGGCATT	3B	230810M-S-XXM-P21__PA-TCTTCCAACAGAAGTCGGCATT.fasta.gz	164962	225743375229ed1572f0218f47ea57bc0c28cd6af2e218ef2e2face693af1bdd
230810M-S-XXM-P21__PA-TGACGAAGTACGATCACTCTCGA	3B	230810M-S-XXM-P21__PA-TGACGAAGTACGATCACTCTCGA.fasta.gz	31092	9fb5c6126fba15e80f74ff38ffee4b041c7ab1613ef424daf60db2716441efdf
230810M-S-XXM-P21__PA-TGACGACCGCCGACGGCTGCATT	3A	230810M-S-XXM-P21__PA-TGACGACCGCCGACGGCTGCATT.fasta.gz	154534	673d10f9240d0d2cbaeb859a499ab0d36ac20c8f27cbd6b43fcaab60797bfb9a
230810M-S-XXM-P21__PA-TGACGTACAAAGTGGCGTTC	3B	230810M-S-XXM-P21__PA-TGACGTACAAAGTGGCGTTC.fasta.gz	70693	58bd63782ac758924b8300a7157380a85ebf12814f4bc0ee93d6d4ceb797535f
230810M-S-XXM-P21__PA-TGATCAGAGTGACCTACGCAAC	3B	230810M-S-XXM-P21__PA-TGATCAGAGTGACCTACGCAAC.fasta.gz	327797	f998ef58897f39d9975c5b047d1b6f83390e2206665e6de69f2cf40a2b4f80c6
230810M-S-XXM-P21__PA-TGCATCGGTGGCCGTTAGTT	3B	230810M-S-XXM-P21__PA-TGCATCGGTGGCCGTTAGTT.fasta.gz	18032	e16130ef11608cb1a03aa87b34e24d533b2654784e641fff94822676b2351ef1
230810M-S-XXM-P21__PA-TGCGGAGGTTCACTTGTAAG	3B	230810M-S-XXM-P21__PA-TGCGGAGGTTCACTTGTAAG.fasta.gz	101005	c8bb5a1a35d102571a92e126891ac3d0bdfd71cd75991ced65194306f3d76cab
230810M-S-XXM-P21__PA-TGCGTGCCTAGCGAGCAGTT	3B	230810M-S-XXM-P21__PA-TGCGTGCCTAGCGAGCAGTT.fasta.gz	55398	5233d919bd7a1424dc03226e7ada7bf791d68b710f857cbc47de2eb4d214938c
230810M-S-XXM-P21__PA-TGGCGCCTCCGAGCACTAATTC	3B	230810M-S-XXM-P21__PA-TGGCGCCTCCGAGCACTAATTC.fasta.gz	188831	6efd64c31fe04705c07deb4a4669304e03cc39b3cebcd58809ef87eca11847d3
230810M-S-XXM-P21__PA-TGGTCACCTTACAGCTAACAC	3A	230810M-S-XXM-P21__PA-TGGTCACCTTACAGCTAACAC.fasta.gz	86520	a5d3b8f317a727a91a47752236f2822febeeb15d9ac3991ba236dcd27c58f5fd
230810M-S-XXM-P21__PA-TTAATTAACAGAGCACTAATTC	3A	230810M-S-XXM-P21__PA-TTAATTAACAGAGCACTAATTC.fasta.gz	98350	55b817844fc23d4b77d89a6c13a18a304b9022abf6f759400a5d809296ee998d
230810M-S-XXM-P21__PA-TTAGCCTGACCGATCCACTGTCA	3B	230810M-S-XXM-P21__PA-TTAGCCTGACCGATCCACTGTCA.fasta.gz	246977	dbddb4df4fc87c717c9753a67084378dca084cf2f0f47cf092fc390f96addb33
230810M-S-XXM-P21__PA-TTATGTCTGCCGACCTGTAAGGT	3B	230810M-S-XXM-P21__PA-TTATGTCTGCCGACCTGTAAGGT.fasta.gz	191606	74a838f64f1da5229dbdbef49d578fb1fa7c975f9e430b8580a4e0db0a05f01c
230810M-S-XXM-P21__PA-TTCAAGCTAGCGACACGTGGTAG	3A	230810M-S-XXM-P21__PA-TTCAAGCTAGCGACACGTGGTAG.fasta.gz	172263	b58fb99d3df621aa69328471271c365032f85e85a7fac58732926438199797e9
230810M-S-XXM-P21__PA-TTCAGGCTTCCGAAGCCGTGACC	3B	230810M-S-XXM-P21__PA-TTCAGGCTTCCGAAGCCGTGACC.fasta.gz	176197	1ca7ee249ce228229f2eff6f76d206b826b6ce944058067ef1cba07194b405ec
230810M-S-XXM-P21__PA-TTCCATTACCGATCTCTCTAGC	3B	230810M-S-XXM-P21__PA-TTCCATTACCGATCTCTCTAGC.fasta.gz	54974	ff171ea0efdf99168e74fff05ece762ed4fa2d225e15cd7c1ffdfa3bd27cb526
230810M-S-XXM-P21__PA-TTCTGACTAACGAGCATAATGCG	3B	230810M-S-XXM-P21__PA-TTCTGACTAACGAGCATAATGCG.fasta.gz	24329	ffefd5f518659e41e93e8075c9568ab0a1077d8c4823c6863b5b803bd84dc1ef
230810M-S-XXM-P21__PA-TTGATGAGACCGACAACCTCTCA	3B	230810M-S-XXM-P21__PA-TTGATGAGACCGACAACCTCTCA.fasta.gz	135830	559950bf55ee6267b49894a9942bf8ed52b0d32f88f592bbb7565b6980b07d84
230810M-S-XXM-P21__PA-TTGGCTAAGCGAACTAGGCT	3B	230810M-S-XXM-P21__PA-TTGGCTAAGCGAACTAGGCT.fasta.gz	198115	9de249a473d74e76cf288c2837ec24d68b4f84ff623f2ed5cf31c0794e4b4ffd
230810M-S-XXM-P21__PA-TTGTATACCAGAAGTCAGACAA	3B	230810M-S-XXM-P21__PA-TTGTATACCAGAAGTCAGACAA.fasta.gz	70149	5cc6c64b5bbc82cb3b88a0edc8204ae21ff756e9d508548bf39537664320a99d
