sample	route	status	input_sags	wall_seconds	wall_minutes	source_file	source_row	start	finish	memory_metric	memory_kib	memory_gib	measured_wall_seconds	loading_correction_seconds	correction_method	timing_scope	corrected_min_seconds	corrected_max_seconds
FC	microsags_reads	PASS	8751	298.63624	4.977270666666667	microsags_jobs.tsv	2	2026-09-22T13:38:48+08:00	2026-09-22T13:43:55+08:00	GNU_time_peak_RSS	1564728	1.4922409057617188	306.56	7.92376	three_standalone_loads_median_estimate	startup_load_adjusted_estimate	292.8346	298.70528
FC	microsags_contigs	PASS	8751	158.30624	2.6384373333333335	microsags_jobs.tsv	3	2026-09-22T13:43:55+08:00	2026-09-22T13:46:41+08:00	GNU_time_peak_RSS	1546252	1.4746208190917969	166.23	7.92376	three_standalone_loads_median_estimate	startup_load_adjusted_estimate	152.50459999999998	158.37527999999998
FC	skani_contigs	PASS	8751	193.644037	3.2274006166666664	gtdb232_skani_jobs.tsv	2	1790222321	1790222653	GNU_time_peak_RSS	48140008	45.909889221191406	332.0	138.355963	original_per_sample_initialization_log	startup_load_adjusted_estimate	193.644037	193.644037
FC	mash_contigs	PASS	8751	3623.03039972391	60.383839995398496	gtdb232_mash_jobs.tsv	2	1790179942	1790183569	GNU_time_peak_RSS	3331364	3.1770362854003906	3627.0	3.9696002760902047	three_standalone_loads_median_estimate	startup_load_adjusted_estimate	3621.9463221598417	3623.459492988419
FC	sourmash_contigs	PASS	8751	777.8263676343486	12.96377279390581	gtdb232_sourmash_jobs.tsv	2	1790382363	1790383149	sampled_aggregate_PSS	37615168	35.87261962890625	786.0	8.173632365651429	three_standalone_loads_median_estimate	startup_load_adjusted_estimate	777.3670922401361	778.0325598539785
GB	microsags_reads	PASS	28077	535.17624	8.919604	microsags_jobs.tsv	4	2026-09-22T13:46:42+08:00	2026-09-22T13:55:45+08:00	GNU_time_peak_RSS	1883748	1.7964820861816406	543.1	7.92376	three_standalone_loads_median_estimate	startup_load_adjusted_estimate	529.3746	535.24528
GB	microsags_contigs	PASS	28077	371.75624	6.195937333333333	microsags_jobs.tsv	5	2026-09-22T13:55:46+08:00	2026-09-22T14:02:05+08:00	GNU_time_peak_RSS	1829476	1.7447242736816406	379.68	7.92376	three_standalone_loads_median_estimate	startup_load_adjusted_estimate	365.9546	371.82528
GB	skani_contigs	PASS	28077	332.160038	5.536000633333333	gtdb232_skani_jobs.tsv	3	1790222654	1790223126	GNU_time_peak_RSS	48816908	46.5554313659668	472.0	139.839962	original_per_sample_initialization_log	startup_load_adjusted_estimate	332.160038	332.160038
GB	mash_contigs	PASS	28077	11169.03039972391	186.15050666206517	gtdb232_mash_jobs.tsv	3	1790183571	1790194744	GNU_time_peak_RSS	3331996	3.1776390075683594	11173.0	3.9696002760902047	three_standalone_loads_median_estimate	startup_load_adjusted_estimate	11167.946322159842	11169.459492988419
GB	sourmash_contigs	PASS	28077	905.8263676343486	15.097106127239142	gtdb232_sourmash_jobs.tsv	3	1790383150	1790384064	sampled_aggregate_PSS	38516140	36.73185348510742	914.0	8.173632365651429	three_standalone_loads_median_estimate	startup_load_adjusted_estimate	905.3670922401361	906.0325598539785
HA	microsags_reads	PASS	20909	391.50624	6.525104	microsags_jobs.tsv	6	2026-09-22T14:02:06+08:00	2026-09-22T14:08:45+08:00	GNU_time_peak_RSS	1764932	1.6831703186035156	399.43	7.92376	three_standalone_loads_median_estimate	startup_load_adjusted_estimate	385.7046	391.57528
HA	microsags_contigs	PASS	20909	364.66623999999996	6.077770666666666	microsags_jobs.tsv	7	2026-09-22T14:08:46+08:00	2026-09-22T14:14:58+08:00	GNU_time_peak_RSS	1723808	1.643951416015625	372.59	7.92376	three_standalone_loads_median_estimate	startup_load_adjusted_estimate	358.8646	364.73528
HA	skani_contigs	PASS	20909	465.96236	7.7660393333333335	gtdb232_skani_jobs.tsv	4	1790223127	1790223733	GNU_time_peak_RSS	53882188	51.38605880737305	606.0	140.03764	original_per_sample_initialization_log	startup_load_adjusted_estimate	465.96236	465.96236
HA	mash_contigs	PASS	20909	8383.03039972391	139.71717332873183	gtdb232_mash_jobs.tsv	4	1790194744	1790203131	GNU_time_peak_RSS	3331960	3.1776046752929688	8387.0	3.9696002760902047	three_standalone_loads_median_estimate	startup_load_adjusted_estimate	8381.946322159842	8383.459492988419
HA	sourmash_contigs	PASS	20909	889.8263676343486	14.830439460572476	gtdb232_sourmash_jobs.tsv	4	1790384065	1790384963	sampled_aggregate_PSS	37549646	35.81013298034668	898.0	8.173632365651429	three_standalone_loads_median_estimate	startup_load_adjusted_estimate	889.3670922401361	890.0325598539785
IB	microsags_reads	PASS	16364	298.46623999999997	4.9744373333333325	microsags_jobs.tsv	8	2026-09-22T14:14:59+08:00	2026-09-22T14:20:05+08:00	GNU_time_peak_RSS	1689652	1.6113777160644531	306.39	7.92376	three_standalone_loads_median_estimate	startup_load_adjusted_estimate	292.6646	298.53528
IB	microsags_contigs	PASS	16363	263.53623999999996	4.392270666666666	microsags_jobs.tsv	9	2026-09-22T14:20:05+08:00	2026-09-22T14:24:37+08:00	GNU_time_peak_RSS	1658944	1.58209228515625	271.46	7.92376	three_standalone_loads_median_estimate	startup_load_adjusted_estimate	257.7346	263.60528
IB	skani_contigs	PASS	16363	215.35657700000002	3.5892762833333336	gtdb232_skani_jobs.tsv	5	1790223734	1790224106	GNU_time_peak_RSS	51953876	49.54707717895508	372.0	156.64342299999998	original_per_sample_initialization_log	startup_load_adjusted_estimate	215.35657700000002	215.35657700000002
IB	mash_contigs	PASS	16363	6281.03039972391	104.6838399953985	gtdb232_mash_jobs.tsv	5	1790203132	1790209417	GNU_time_peak_RSS	3331008	3.17669677734375	6285.0	3.9696002760902047	three_standalone_loads_median_estimate	startup_load_adjusted_estimate	6279.946322159842	6281.459492988419
IB	sourmash_contigs	PASS	16363	1164.8263676343486	19.41377279390581	gtdb232_sourmash_jobs.tsv	5	1790384964	1790386137	sampled_aggregate_PSS	37191874	35.46893501281738	1173.0	8.173632365651429	three_standalone_loads_median_estimate	startup_load_adjusted_estimate	1164.3670922401361	1165.0325598539785
JA	microsags_reads	PASS	15833	291.65623999999997	4.860937333333333	microsags_jobs.tsv	10	2026-09-22T14:24:37+08:00	2026-09-22T14:29:37+08:00	GNU_time_peak_RSS	1681436	1.6035423278808594	299.58	7.92376	three_standalone_loads_median_estimate	startup_load_adjusted_estimate	285.8546	291.72528
JA	microsags_contigs	PASS	15833	254.02624	4.233770666666667	microsags_jobs.tsv	11	2026-09-22T14:29:37+08:00	2026-09-22T14:33:59+08:00	GNU_time_peak_RSS	1652768	1.576202392578125	261.95	7.92376	three_standalone_loads_median_estimate	startup_load_adjusted_estimate	248.22459999999998	254.09528
JA	skani_contigs	PASS	15833	612.606658	10.210110966666667	gtdb232_skani_jobs.tsv	6	1790224107	1790224883	GNU_time_peak_RSS	49313860	47.029361724853516	776.0	163.393342	original_per_sample_initialization_log	startup_load_adjusted_estimate	612.606658	612.606658
JA	mash_contigs	PASS	15833	6297.03039972391	104.95050666206517	gtdb232_mash_jobs.tsv	6	1790209418	1790215719	GNU_time_peak_RSS	3327872	3.1737060546875	6301.0	3.9696002760902047	three_standalone_loads_median_estimate	startup_load_adjusted_estimate	6295.946322159842	6297.459492988419
JA	sourmash_contigs	PASS	15833	1188.8263676343486	19.81377279390581	gtdb232_sourmash_jobs.tsv	6	1790386137	1790387334	sampled_aggregate_PSS	37297599	35.569762229919434	1197.0	8.173632365651429	three_standalone_loads_median_estimate	startup_load_adjusted_estimate	1188.3670922401361	1189.0325598539785
KA	microsags_reads	PASS	27994	444.20624	7.403437333333333	microsags_jobs.tsv	12	2026-09-22T14:34:00+08:00	2026-09-22T14:41:32+08:00	GNU_time_peak_RSS	1881712	1.7945404052734375	452.13	7.92376	three_standalone_loads_median_estimate	startup_load_adjusted_estimate	438.4046	444.27528
KA	microsags_contigs	PASS	27994	384.99624	6.416604	microsags_jobs.tsv	13	2026-09-22T14:41:33+08:00	2026-09-22T14:48:05+08:00	GNU_time_peak_RSS	1824152	1.7396469116210938	392.92	7.92376	three_standalone_loads_median_estimate	startup_load_adjusted_estimate	379.19460000000004	385.06528000000003
KA	skani_contigs	PASS	27994	711.300819	11.85501365	gtdb232_skani_jobs.tsv	7	1790224884	1790225758	GNU_time_peak_RSS	48589124	46.338199615478516	874.0	162.699181	original_per_sample_initialization_log	startup_load_adjusted_estimate	711.300819	711.300819
KA	mash_contigs	PASS	27994	10859.03039972391	180.98383999539848	gtdb232_mash_jobs.tsv	7	1790265316	1790276179	GNU_time_peak_RSS	3331964	3.1776084899902344	10863.0	3.9696002760902047	three_standalone_loads_median_estimate	startup_load_adjusted_estimate	10857.946322159842	10859.459492988419
KA	sourmash_contigs	PASS	27994	1131.8263676343486	18.86377279390581	gtdb232_sourmash_jobs.tsv	7	1790387335	1790388475	sampled_aggregate_PSS	37983764	36.22414016723633	1140.0	8.173632365651429	three_standalone_loads_median_estimate	startup_load_adjusted_estimate	1131.3670922401361	1132.0325598539785
LA	microsags_reads	PASS	24220	899.20624	14.986770666666667	microsags_jobs.tsv	14	2026-09-22T17:11:35+08:00	2026-09-22T17:26:42+08:00	GNU_time_peak_RSS	1824952	1.7404098510742188	907.13	7.92376	three_standalone_loads_median_estimate	startup_load_adjusted_estimate	893.4046	899.27528
LA	microsags_contigs	PASS	24220	574.71624	9.578604	microsags_jobs.tsv	15	2026-09-22T17:26:42+08:00	2026-09-22T17:36:25+08:00	GNU_time_peak_RSS	1765996	1.6841850280761719	582.64	7.92376	three_standalone_loads_median_estimate	startup_load_adjusted_estimate	568.9146	574.78528
LA	skani_contigs	PASS	24220	454.93346499999996	7.582224416666666	gtdb232_skani_jobs.tsv	8	1790225759	1790226345	GNU_time_peak_RSS	53809532	51.316768646240234	586.0	131.06653500000002	original_per_sample_initialization_log	startup_load_adjusted_estimate	454.93346499999996	454.93346499999996
LA	mash_contigs	PASS	24220	9337.03039972391	155.61717332873184	gtdb232_mash_jobs.tsv	8	1790276180	1790285521	GNU_time_peak_RSS	3331944	3.1775894165039062	9341.0	3.9696002760902047	three_standalone_loads_median_estimate	startup_load_adjusted_estimate	9335.946322159842	9337.459492988419
LA	sourmash_contigs	PASS	24220	1868.8263676343486	31.147106127239145	gtdb232_sourmash_jobs.tsv	8	1790388476	1790390353	sampled_aggregate_PSS	37937107	36.17964458465576	1877.0	8.173632365651429	three_standalone_loads_median_estimate	startup_load_adjusted_estimate	1868.3670922401361	1869.0325598539785
LB	microsags_reads	PASS	54740	1161.08624	19.351437333333333	microsags_jobs.tsv	16	2026-09-22T17:39:48+08:00	2026-09-22T17:59:17+08:00	GNU_time_peak_RSS	2333060	2.2249794006347656	1169.01	7.92376	three_standalone_loads_median_estimate	startup_load_adjusted_estimate	1155.2846	1161.15528
LB	microsags_contigs	PASS	54720	1079.5262400000001	17.992104	microsags_jobs.tsv	17	2026-09-22T17:59:18+08:00	2026-09-22T18:17:26+08:00	GNU_time_peak_RSS	2197980	2.0961570739746094	1087.45	7.92376	three_standalone_loads_median_estimate	startup_load_adjusted_estimate	1073.7246	1079.59528
LB	skani_contigs	PASS	54720	195.02710000000002	3.250451666666667	gtdb232_skani_jobs.tsv	9	1790226349	1790226672	GNU_time_peak_RSS	50319196	47.98812484741211	323.0	127.9729	original_per_sample_initialization_log	startup_load_adjusted_estimate	195.02710000000002	195.02710000000002
LB	mash_contigs	PASS	54720	21557.03039972391	359.2838399953985	gtdb232_mash_jobs.tsv	9	1790285523	1790307084	GNU_time_peak_RSS	3332004	3.1776466369628906	21561.0	3.9696002760902047	three_standalone_loads_median_estimate	startup_load_adjusted_estimate	21555.94632215984	21557.45949298842
LB	sourmash_contigs	PASS	54720	1585.8263676343486	26.430439460572476	gtdb232_sourmash_jobs.tsv	9	1790390355	1790391949	sampled_aggregate_PSS	38987946	37.18180274963379	1594.0	8.173632365651429	three_standalone_loads_median_estimate	startup_load_adjusted_estimate	1585.3670922401361	1586.0325598539785
MA	microsags_reads	PASS	11644	458.96623999999997	7.649437333333333	microsags_jobs.tsv	18	2026-09-22T18:17:53+08:00	2026-09-22T18:25:40+08:00	GNU_time_peak_RSS	1613888	1.53912353515625	466.89	7.92376	three_standalone_loads_median_estimate	startup_load_adjusted_estimate	453.1646	459.03528
MA	microsags_contigs	PASS	11644	293.02624	4.883770666666666	microsags_jobs.tsv	19	2026-09-22T18:25:40+08:00	2026-09-22T18:30:41+08:00	GNU_time_peak_RSS	1574968	1.5020065307617188	300.95	7.92376	three_standalone_loads_median_estimate	startup_load_adjusted_estimate	287.2246	293.09528
MA	skani_contigs	PASS	11644	136.242613	2.2707102166666666	gtdb232_skani_jobs.tsv	10	1790226672	1790226936	GNU_time_peak_RSS	46332924	44.186519622802734	264.0	127.757387	original_per_sample_initialization_log	startup_load_adjusted_estimate	136.242613	136.242613
MA	mash_contigs	PASS	11644	4637.03039972391	77.2838399953985	gtdb232_mash_jobs.tsv	10	1790307084	1790311725	GNU_time_peak_RSS	3331804	3.1774559020996094	4641.0	3.9696002760902047	three_standalone_loads_median_estimate	startup_load_adjusted_estimate	4635.946322159842	4637.459492988419
MA	sourmash_contigs	PASS	11644	811.8263676343486	13.530439460572476	gtdb232_sourmash_jobs.tsv	10	1790391949	1790392769	sampled_aggregate_PSS	37908048	36.15193176269531	820.0	8.173632365651429	three_standalone_loads_median_estimate	startup_load_adjusted_estimate	811.3670922401361	812.0325598539785
OA	microsags_reads	PASS	10412	507.68624	8.461437333333333	microsags_jobs.tsv	20	2026-09-22T18:31:07+08:00	2026-09-22T18:39:43+08:00	GNU_time_peak_RSS	1595456	1.52154541015625	515.61	7.92376	three_standalone_loads_median_estimate	startup_load_adjusted_estimate	501.88460000000003	507.75528
OA	microsags_contigs	PASS	10412	337.75624	5.629270666666667	microsags_jobs.tsv	21	2026-09-22T18:39:43+08:00	2026-09-22T18:45:29+08:00	GNU_time_peak_RSS	1568832	1.49615478515625	345.68	7.92376	three_standalone_loads_median_estimate	startup_load_adjusted_estimate	331.9546	337.82528
OA	skani_contigs	PASS	10412	123.752834	2.062547233333333	gtdb232_skani_jobs.tsv	11	1790226936	1790227187	GNU_time_peak_RSS	50107916	47.7866325378418	251.0	127.247166	original_per_sample_initialization_log	startup_load_adjusted_estimate	123.752834	123.752834
OA	mash_contigs	PASS	10412	4014.03039972391	66.90050666206517	gtdb232_mash_jobs.tsv	11	1790311726	1790315744	GNU_time_peak_RSS	3334044	3.1795921325683594	4018.0	3.9696002760902047	three_standalone_loads_median_estimate	startup_load_adjusted_estimate	4012.9463221598417	4014.459492988419
OA	sourmash_contigs	PASS	10412	765.8263676343486	12.76377279390581	gtdb232_sourmash_jobs.tsv	11	1790392769	1790393543	sampled_aggregate_PSS	38800012	37.0025749206543	774.0	8.173632365651429	three_standalone_loads_median_estimate	startup_load_adjusted_estimate	765.3670922401361	766.0325598539785
OB	microsags_reads	PASS	13686	592.2562399999999	9.870937333333332	microsags_jobs.tsv	22	2026-09-22T18:45:57+08:00	2026-09-22T18:55:57+08:00	GNU_time_peak_RSS	1646648	1.5703659057617188	600.18	7.92376	three_standalone_loads_median_estimate	startup_load_adjusted_estimate	586.4545999999999	592.3252799999999
OB	microsags_contigs	PASS	13686	282.57624	4.709604	microsags_jobs.tsv	23	2026-09-22T18:55:57+08:00	2026-09-22T19:00:48+08:00	GNU_time_peak_RSS	1611840	1.53717041015625	290.5	7.92376	three_standalone_loads_median_estimate	startup_load_adjusted_estimate	276.7746	282.64528
OB	skani_contigs	PASS	13686	265.606304	4.426771733333334	gtdb232_skani_jobs.tsv	12	1790227188	1790227585	GNU_time_peak_RSS	53375904	50.903228759765625	397.0	131.393696	original_per_sample_initialization_log	startup_load_adjusted_estimate	265.606304	265.606304
OB	mash_contigs	PASS	13686	5214.03039972391	86.90050666206517	gtdb232_mash_jobs.tsv	12	1790315744	1790320962	GNU_time_peak_RSS	3331996	3.1776390075683594	5218.0	3.9696002760902047	three_standalone_loads_median_estimate	startup_load_adjusted_estimate	5212.946322159842	5214.459492988419
OB	sourmash_contigs	PASS	13686	1083.8263676343486	18.06377279390581	gtdb232_sourmash_jobs.tsv	12	1790393544	1790394636	sampled_aggregate_PSS	39657757	37.820584297180176	1092.0	8.173632365651429	three_standalone_loads_median_estimate	startup_load_adjusted_estimate	1083.3670922401361	1084.0325598539785
PA	microsags_reads	PASS	11926	448.29624	7.471604	microsags_jobs.tsv	24	2026-09-22T19:00:52+08:00	2026-09-22T19:08:29+08:00	GNU_time_peak_RSS	1620032	1.54498291015625	456.22	7.92376	three_standalone_loads_median_estimate	startup_load_adjusted_estimate	442.49460000000005	448.36528000000004
PA	microsags_contigs	PASS	11926	317.04624	5.284104	microsags_jobs.tsv	25	2026-09-22T19:08:29+08:00	2026-09-22T19:13:54+08:00	GNU_time_peak_RSS	1589268	1.5156440734863281	324.97	7.92376	three_standalone_loads_median_estimate	startup_load_adjusted_estimate	311.24460000000005	317.11528000000004
PA	skani_contigs	PASS	11926	258.79837	4.313306166666666	gtdb232_skani_jobs.tsv	13	1790227586	1790227976	GNU_time_peak_RSS	49039000	46.767234802246094	390.0	131.20163000000002	original_per_sample_initialization_log	startup_load_adjusted_estimate	258.79837	258.79837
PA	mash_contigs	PASS	11926	4839.03039972391	80.65050666206517	gtdb232_mash_jobs.tsv	13	1790320963	1790325806	GNU_time_peak_RSS	3332004	3.1776466369628906	4843.0	3.9696002760902047	three_standalone_loads_median_estimate	startup_load_adjusted_estimate	4837.946322159842	4839.459492988419
PA	sourmash_contigs	PASS	11926	1010.8263676343486	16.847106127239144	gtdb232_sourmash_jobs.tsv	13	1790394636	1790395655	sampled_aggregate_PSS	37641903	35.89811611175537	1019.0	8.173632365651429	three_standalone_loads_median_estimate	startup_load_adjusted_estimate	1010.3670922401361	1011.0325598539785
PB	microsags_reads	PASS	17326	601.45624	10.024270666666666	microsags_jobs.tsv	26	2026-09-22T19:14:39+08:00	2026-09-22T19:24:49+08:00	GNU_time_peak_RSS	1710268	1.6310386657714844	609.38	7.92376	three_standalone_loads_median_estimate	startup_load_adjusted_estimate	595.6546	601.52528
PB	microsags_contigs	PASS	17326	279.37624	4.656270666666667	microsags_jobs.tsv	27	2026-09-22T19:24:49+08:00	2026-09-22T19:29:36+08:00	GNU_time_peak_RSS	1670016	1.5926513671875	287.3	7.92376	three_standalone_loads_median_estimate	startup_load_adjusted_estimate	273.57460000000003	279.44528
PB	skani_contigs	PASS	17326	256.360147	4.272669116666666	gtdb232_skani_jobs.tsv	14	1790227978	1790228359	GNU_time_peak_RSS	51917292	49.51218795776367	381.0	124.63985300000002	original_per_sample_initialization_log	startup_load_adjusted_estimate	256.360147	256.360147
PB	mash_contigs	PASS	17326	7018.03039972391	116.96717332873183	gtdb232_mash_jobs.tsv	14	1790325806	1790332828	GNU_time_peak_RSS	3329948	3.1756858825683594	7022.0	3.9696002760902047	three_standalone_loads_median_estimate	startup_load_adjusted_estimate	7016.946322159842	7018.459492988419
PB	sourmash_contigs	PASS	17326	1237.8263676343486	20.630439460572475	gtdb232_sourmash_jobs.tsv	14	1790395656	1790396902	sampled_aggregate_PSS	37606074	35.86394691467285	1246.0	8.173632365651429	three_standalone_loads_median_estimate	startup_load_adjusted_estimate	1237.3670922401361	1238.0325598539785
SB	microsags_reads	PASS	21590	688.26624	11.471104	microsags_jobs.tsv	28	2026-09-22T19:30:28+08:00	2026-09-22T19:42:05+08:00	GNU_time_peak_RSS	1781588	1.6990547180175781	696.19	7.92376	three_standalone_loads_median_estimate	startup_load_adjusted_estimate	682.4646	688.33528
SB	microsags_contigs	PASS	21590	440.07624	7.334604	microsags_jobs.tsv	29	2026-09-22T19:42:07+08:00	2026-09-22T19:49:35+08:00	GNU_time_peak_RSS	1727024	1.6470184326171875	448.0	7.92376	three_standalone_loads_median_estimate	startup_load_adjusted_estimate	434.2746	440.14528
SB	skani_contigs	PASS	21590	438.481078	7.308017966666667	gtdb232_skani_jobs.tsv	15	1790228360	1790228927	GNU_time_peak_RSS	56971900	54.332637786865234	567.0	128.518922	original_per_sample_initialization_log	startup_load_adjusted_estimate	438.481078	438.481078
SB	mash_contigs	PASS	21590	8367.03039972391	139.45050666206515	gtdb232_mash_jobs.tsv	15	1790332829	1790341200	GNU_time_peak_RSS	3330460	3.1761741638183594	8371.0	3.9696002760902047	three_standalone_loads_median_estimate	startup_load_adjusted_estimate	8365.946322159842	8367.459492988419
SB	sourmash_contigs	PASS	21590	1231.8263676343486	20.530439460572477	gtdb232_sourmash_jobs.tsv	15	1790396902	1790398142	sampled_aggregate_PSS	37267885	35.54142475128174	1240.0	8.173632365651429	three_standalone_loads_median_estimate	startup_load_adjusted_estimate	1231.3670922401361	1232.0325598539785
WC	microsags_reads	PASS	16424	573.64624	9.560770666666667	microsags_jobs.tsv	30	2026-09-22T19:49:40+08:00	2026-09-22T19:59:22+08:00	GNU_time_peak_RSS	1696252	1.6176719665527344	581.57	7.92376	three_standalone_loads_median_estimate	startup_load_adjusted_estimate	567.8446	573.71528
WC	microsags_contigs	PASS	16424	416.44624	6.940770666666666	microsags_jobs.tsv	31	2026-09-22T19:59:23+08:00	2026-09-22T20:06:27+08:00	GNU_time_peak_RSS	1657408	1.58062744140625	424.37	7.92376	three_standalone_loads_median_estimate	startup_load_adjusted_estimate	410.6446	416.51528
WC	skani_contigs	PASS	16424	370.76245200000005	6.179374200000001	gtdb232_skani_jobs.tsv	16	1790228927	1790229426	GNU_time_peak_RSS	53952272	51.45289611816406	499.0	128.23754799999998	original_per_sample_initialization_log	startup_load_adjusted_estimate	370.76245200000005	370.76245200000005
WC	mash_contigs	PASS	16424	6296.03039972391	104.9338399953985	gtdb232_mash_jobs.tsv	16	1790341200	1790347500	GNU_time_peak_RSS	3331972	3.1776161193847656	6300.0	3.9696002760902047	three_standalone_loads_median_estimate	startup_load_adjusted_estimate	6294.946322159842	6296.459492988419
WC	sourmash_contigs	PASS	16424	1190.8263676343486	19.847106127239144	gtdb232_sourmash_jobs.tsv	16	1790398142	1790399341	sampled_aggregate_PSS	36751313	35.04878330230713	1199.0	8.173632365651429	three_standalone_loads_median_estimate	startup_load_adjusted_estimate	1190.3670922401361	1191.0325598539785
WK	microsags_reads	PASS	3862	224.20624	3.7367706666666667	microsags_jobs.tsv	32	2026-09-22T20:06:38+08:00	2026-09-22T20:10:30+08:00	GNU_time_peak_RSS	1484856	1.4160690307617188	232.13	7.92376	three_standalone_loads_median_estimate	startup_load_adjusted_estimate	218.4046	224.27528
WK	microsags_contigs	PASS	6250	184.34624000000002	3.0724373333333337	microsags_jobs.tsv	33	2026-09-22T20:10:31+08:00	2026-09-22T20:13:43+08:00	GNU_time_peak_RSS	1509388	1.4394645690917969	192.27	7.92376	three_standalone_loads_median_estimate	startup_load_adjusted_estimate	178.5446	184.41528
WK	skani_contigs	PASS	6250	243.55142400000003	4.0591904	gtdb232_skani_jobs.tsv	17	1790229427	1790229802	GNU_time_peak_RSS	45797144	43.675559997558594	375.0	131.44857599999997	original_per_sample_initialization_log	startup_load_adjusted_estimate	243.55142400000003	243.55142400000003
WK	mash_contigs	PASS	6250	2540.03039972391	42.3338399953985	gtdb232_mash_jobs.tsv	17	1790347500	1790350044	GNU_time_peak_RSS	3328668	3.1744651794433594	2544.0	3.9696002760902047	three_standalone_loads_median_estimate	startup_load_adjusted_estimate	2538.9463221598417	2540.459492988419
WK	sourmash_contigs	PASS	6250	781.8263676343486	13.030439460572476	gtdb232_sourmash_jobs.tsv	17	1790399341	1790400131	sampled_aggregate_PSS	38357932	36.58097457885742	790.0	8.173632365651429	three_standalone_loads_median_estimate	startup_load_adjusted_estimate	781.3670922401361	782.0325598539785
WL	microsags_reads	PASS	9393	406.97623999999996	6.782937333333333	microsags_jobs.tsv	34	2026-09-22T20:13:59+08:00	2026-09-22T20:20:54+08:00	GNU_time_peak_RSS	1579064	1.5059127807617188	414.9	7.92376	three_standalone_loads_median_estimate	startup_load_adjusted_estimate	401.1746	407.04528
WL	microsags_contigs	PASS	9393	366.62624	6.1104373333333335	microsags_jobs.tsv	35	2026-09-22T20:20:55+08:00	2026-09-22T20:27:10+08:00	GNU_time_peak_RSS	1552436	1.4805183410644531	374.55	7.92376	three_standalone_loads_median_estimate	startup_load_adjusted_estimate	360.82460000000003	366.69528
WL	skani_contigs	PASS	9393	201.675484	3.3612580666666667	gtdb232_skani_jobs.tsv	18	1790229804	1790230135	GNU_time_peak_RSS	47122320	44.93934631347656	331.0	129.324516	original_per_sample_initialization_log	startup_load_adjusted_estimate	201.675484	201.675484
WL	mash_contigs	PASS	9393	3613.03039972391	60.21717332873183	gtdb232_mash_jobs.tsv	18	1790350045	1790353662	GNU_time_peak_RSS	3330624	3.17633056640625	3617.0	3.9696002760902047	three_standalone_loads_median_estimate	startup_load_adjusted_estimate	3611.9463221598417	3613.459492988419
WL	sourmash_contigs	PASS	9393	1026.8263676343486	17.11377279390581	gtdb232_sourmash_jobs.tsv	18	1790400132	1790401167	sampled_aggregate_PSS	37064320	35.3472900390625	1035.0	8.173632365651429	three_standalone_loads_median_estimate	startup_load_adjusted_estimate	1026.3670922401361	1027.0325598539785
XA	microsags_reads	PASS	13934	576.3862399999999	9.606437333333332	microsags_jobs.tsv	36	2026-09-22T20:27:50+08:00	2026-09-22T20:37:34+08:00	GNU_time_peak_RSS	1654848	1.57818603515625	584.31	7.92376	three_standalone_loads_median_estimate	startup_load_adjusted_estimate	570.5845999999999	576.4552799999999
XA	microsags_contigs	PASS	13934	306.32624	5.105437333333333	microsags_jobs.tsv	37	2026-09-22T20:37:37+08:00	2026-09-22T20:42:51+08:00	GNU_time_peak_RSS	1620032	1.54498291015625	314.25	7.92376	three_standalone_loads_median_estimate	startup_load_adjusted_estimate	300.5246	306.39528
XA	skani_contigs	PASS	13934	261.23278	4.353879666666667	gtdb232_skani_jobs.tsv	19	1790230135	1790230526	GNU_time_peak_RSS	49264748	46.98252487182617	391.0	129.76722	original_per_sample_initialization_log	startup_load_adjusted_estimate	261.23278	261.23278
XA	mash_contigs	PASS	13934	5246.03039972391	87.4338399953985	gtdb232_mash_jobs.tsv	19	1790353663	1790358913	GNU_time_peak_RSS	3331420	3.1770896911621094	5250.0	3.9696002760902047	three_standalone_loads_median_estimate	startup_load_adjusted_estimate	5244.946322159842	5246.459492988419
XA	sourmash_contigs	PASS	13934	1161.8263676343486	19.36377279390581	gtdb232_sourmash_jobs.tsv	19	1790401167	1790402337	sampled_aggregate_PSS	37411235	35.678133964538574	1170.0	8.173632365651429	three_standalone_loads_median_estimate	startup_load_adjusted_estimate	1161.3670922401361	1162.0325598539785
XB	microsags_reads	PASS	6589	391.22623999999996	6.520437333333333	microsags_jobs.tsv	38	2026-09-22T20:43:13+08:00	2026-09-22T20:49:52+08:00	GNU_time_peak_RSS	1527900	1.4571189880371094	399.15	7.92376	three_standalone_loads_median_estimate	startup_load_adjusted_estimate	385.4246	391.29528
XB	microsags_contigs	PASS	6589	175.51624	2.925270666666667	microsags_jobs.tsv	39	2026-09-22T20:49:52+08:00	2026-09-22T20:52:56+08:00	GNU_time_peak_RSS	1511480	1.4414596557617188	183.44	7.92376	three_standalone_loads_median_estimate	startup_load_adjusted_estimate	169.7146	175.58528
XB	skani_contigs	PASS	6589	185.873656	3.0978942666666667	gtdb232_skani_jobs.tsv	20	1790230526	1790230841	GNU_time_peak_RSS	46064640	43.9306640625	315.0	129.126344	original_per_sample_initialization_log	startup_load_adjusted_estimate	185.873656	185.873656
XB	mash_contigs	PASS	6589	2670.03039972391	44.50050666206516	gtdb232_mash_jobs.tsv	20	1790358914	1790361588	GNU_time_peak_RSS	3331996	3.1776390075683594	2674.0	3.9696002760902047	three_standalone_loads_median_estimate	startup_load_adjusted_estimate	2668.9463221598417	2670.459492988419
XB	sourmash_contigs	PASS	6589	558.8263676343486	9.313772793905809	gtdb232_sourmash_jobs.tsv	20	1790402337	1790402904	sampled_aggregate_PSS	37543985	35.804734230041504	567.0	8.173632365651429	three_standalone_loads_median_estimate	startup_load_adjusted_estimate	558.3670922401361	559.0325598539785
XG	microsags_reads	PASS	10603	475.40623999999997	7.923437333333333	microsags_jobs.tsv	40	2026-09-22T20:53:28+08:00	2026-09-22T21:01:32+08:00	GNU_time_peak_RSS	1599528	1.5254287719726562	483.33	7.92376	three_standalone_loads_median_estimate	startup_load_adjusted_estimate	469.6046	475.47528
XG	microsags_contigs	PASS	10603	474.73624	7.912270666666667	microsags_jobs.tsv	41	2026-09-22T21:01:33+08:00	2026-09-22T21:09:36+08:00	GNU_time_peak_RSS	1566736	1.4941558837890625	482.66	7.92376	three_standalone_loads_median_estimate	startup_load_adjusted_estimate	468.93460000000005	474.80528000000004
XG	skani_contigs	PASS	10603	213.161361	3.55268935	gtdb232_skani_jobs.tsv	21	1790230842	1790231183	GNU_time_peak_RSS	46191760	44.05189514160156	341.0	127.838639	original_per_sample_initialization_log	startup_load_adjusted_estimate	213.161361	213.161361
XG	mash_contigs	PASS	10603	4161.03039972391	69.35050666206516	gtdb232_mash_jobs.tsv	21	1790361589	1790365754	GNU_time_peak_RSS	3329936	3.1756744384765625	4165.0	3.9696002760902047	three_standalone_loads_median_estimate	startup_load_adjusted_estimate	4159.946322159842	4161.459492988419
XG	sourmash_contigs	PASS	10603	1151.8263676343486	19.19710612723914	gtdb232_sourmash_jobs.tsv	21	1790402905	1790404065	sampled_aggregate_PSS	37019747	35.304781913757324	1160.0	8.173632365651429	three_standalone_loads_median_estimate	startup_load_adjusted_estimate	1151.3670922401361	1152.0325598539785
XH	microsags_reads	PASS	6046	277.05624	4.617604	microsags_jobs.tsv	42	2026-09-22T21:09:50+08:00	2026-09-22T21:14:35+08:00	GNU_time_peak_RSS	1523776	1.45318603515625	284.98	7.92376	three_standalone_loads_median_estimate	startup_load_adjusted_estimate	271.25460000000004	277.12528000000003
XH	microsags_contigs	PASS	6046	115.99624	1.9332706666666666	microsags_jobs.tsv	43	2026-09-22T21:14:37+08:00	2026-09-22T21:16:41+08:00	GNU_time_peak_RSS	1505336	1.4356002807617188	123.92	7.92376	three_standalone_loads_median_estimate	startup_load_adjusted_estimate	110.19460000000001	116.06528
XH	skani_contigs	PASS	6046	385.14774	6.419129	gtdb232_skani_jobs.tsv	22	1790231183	1790231693	GNU_time_peak_RSS	43045188	41.051090240478516	510.0	124.85226	original_per_sample_initialization_log	startup_load_adjusted_estimate	385.14774	385.14774
XH	mash_contigs	PASS	6046	2357.03039972391	39.283839995398495	gtdb232_mash_jobs.tsv	22	1790365754	1790368115	GNU_time_peak_RSS	3331996	3.1776390075683594	2361.0	3.9696002760902047	three_standalone_loads_median_estimate	startup_load_adjusted_estimate	2355.9463221598417	2357.459492988419
XH	sourmash_contigs	PASS	6046	457.82636763434857	7.630439460572476	gtdb232_sourmash_jobs.tsv	22	1790404065	1790404531	sampled_aggregate_PSS	37449816	35.714927673339844	466.0	8.173632365651429	three_standalone_loads_median_estimate	startup_load_adjusted_estimate	457.3670922401361	458.03255985397846
ZA	microsags_reads	PASS	15111	694.06624	11.567770666666666	microsags_jobs.tsv	44	2026-09-22T21:17:22+08:00	2026-09-22T21:29:04+08:00	GNU_time_peak_RSS	1673276	1.5957603454589844	701.99	7.92376	three_standalone_loads_median_estimate	startup_load_adjusted_estimate	688.2646	694.13528
ZA	microsags_contigs	PASS	15111	372.02624	6.2004373333333325	microsags_jobs.tsv	45	2026-09-22T21:29:06+08:00	2026-09-22T21:35:25+08:00	GNU_time_peak_RSS	1636368	1.5605621337890625	379.95	7.92376	three_standalone_loads_median_estimate	startup_load_adjusted_estimate	366.2246	372.09528
ZA	skani_contigs	PASS	15111	684.64187	11.410697833333334	gtdb232_skani_jobs.tsv	23	1790231694	1790232514	GNU_time_peak_RSS	48086648	45.85900115966797	820.0	135.35813	original_per_sample_initialization_log	startup_load_adjusted_estimate	684.64187	684.64187
ZA	mash_contigs	PASS	15111	6136.03039972391	102.26717332873183	gtdb232_mash_jobs.tsv	23	1790368115	1790374255	GNU_time_peak_RSS	3331876	3.1775245666503906	6140.0	3.9696002760902047	three_standalone_loads_median_estimate	startup_load_adjusted_estimate	6134.946322159842	6136.459492988419
ZA	sourmash_contigs	PASS	15111	1359.8263676343486	22.66377279390581	gtdb232_sourmash_jobs.tsv	23	1790404532	1790405900	sampled_aggregate_PSS	37910999	36.15474605560303	1368.0	8.173632365651429	three_standalone_loads_median_estimate	startup_load_adjusted_estimate	1359.3670922401361	1360.0325598539785
ZB	microsags_reads	PASS	12058	323.36624	5.389437333333333	microsags_jobs.tsv	46	2026-09-22T21:36:07+08:00	2026-09-22T21:41:38+08:00	GNU_time_peak_RSS	1622016	1.546875	331.29	7.92376	three_standalone_loads_median_estimate	startup_load_adjusted_estimate	317.56460000000004	323.43528000000003
ZB	microsags_contigs	PASS	12058	176.57624	2.9429373333333335	microsags_jobs.tsv	47	2026-09-22T21:41:39+08:00	2026-09-22T21:44:43+08:00	GNU_time_peak_RSS	1593400	1.5195846557617188	184.5	7.92376	three_standalone_loads_median_estimate	startup_load_adjusted_estimate	170.7746	176.64528
ZB	skani_contigs	PASS	12058	507.803987	8.463399783333333	gtdb232_skani_jobs.tsv	24	1790232515	1790233149	GNU_time_peak_RSS	43124216	41.12645721435547	634.0	126.19601300000001	original_per_sample_initialization_log	startup_load_adjusted_estimate	507.803987	507.803987
ZB	mash_contigs	PASS	12058	4870.03039972391	81.16717332873183	gtdb232_mash_jobs.tsv	24	1790374255	1790379129	GNU_time_peak_RSS	3332020	3.177661895751953	4874.0	3.9696002760902047	three_standalone_loads_median_estimate	startup_load_adjusted_estimate	4868.946322159842	4870.459492988419
ZB	sourmash_contigs	PASS	12058	472.82636763434857	7.880439460572476	gtdb232_sourmash_jobs.tsv	24	1790405900	1790406381	sampled_aggregate_PSS	37389973	35.657856941223145	481.0	8.173632365651429	three_standalone_loads_median_estimate	startup_load_adjusted_estimate	472.3670922401361	473.03255985397846
ZF	microsags_reads	PASS	8111	463.20624	7.720104	microsags_jobs.tsv	48	2026-09-22T21:45:16+08:00	2026-09-22T21:53:08+08:00	GNU_time_peak_RSS	1554496	1.48248291015625	471.13	7.92376	three_standalone_loads_median_estimate	startup_load_adjusted_estimate	457.4046	463.27528
ZF	microsags_contigs	PASS	8111	187.27624	3.1212706666666667	microsags_jobs.tsv	49	2026-09-22T21:53:09+08:00	2026-09-22T21:56:24+08:00	GNU_time_peak_RSS	1533964	1.4629020690917969	195.2	7.92376	three_standalone_loads_median_estimate	startup_load_adjusted_estimate	181.47459999999998	187.34528
ZF	skani_contigs	PASS	8111	234.77032300000002	3.912838716666667	gtdb232_skani_jobs.tsv	25	1790233149	1790233522	GNU_time_peak_RSS	50099652	47.778751373291016	373.0	138.22967699999998	original_per_sample_initialization_log	startup_load_adjusted_estimate	234.77032300000002	234.77032300000002
ZF	mash_contigs	PASS	8111	3179.03039972391	52.9838399953985	gtdb232_mash_jobs.tsv	25	1790379129	1790382312	GNU_time_peak_RSS	3334032	3.1795806884765625	3183.0	3.9696002760902047	three_standalone_loads_median_estimate	startup_load_adjusted_estimate	3177.9463221598417	3179.459492988419
ZF	sourmash_contigs	PASS	8111	680.8263676343486	11.347106127239142	gtdb232_sourmash_jobs.tsv	25	1790406382	1790407071	sampled_aggregate_PSS	38669958	36.8785457611084	689.0	8.173632365651429	three_standalone_loads_median_estimate	startup_load_adjusted_estimate	680.3670922401361	681.0325598539785
