sample	route	order	input_sags	wall_seconds	max_rss_kb	cpu_user_s	cpu_sys_s	output_sha256	start	finish
FC	reads	1	8751	52.31	3529576	1812.49	24.79	05072da00c7ee258a0554edb29c4defcca4b077bbcbba604bdf0415c1d93de35	2026-09-30T00:20:13+08:00	2026-09-30T00:21:05+08:00
FC	contigs	2	8751	46.78	1640460	1153.52	7.00	110b9316ca0e845108be09f538edb4a7ff61961ffcd0b7de96dff3469e2a9dfa	2026-09-30T00:21:05+08:00	2026-09-30T00:21:52+08:00
GB	contigs	1	28077	158.25	1842624	3228.28	19.93	ad16969668751b0c5b2490e6835bf2f8769f12a093d86358afd4d127d154e7e7	2026-09-30T00:21:52+08:00	2026-09-30T00:24:31+08:00
GB	reads	2	28077	110.95	2539160	3895.54	43.83	508ec118b2a48e10cdca19f7ffcabc0d57d86657049173300f3067398ddeb0eb	2026-09-30T00:24:31+08:00	2026-09-30T00:26:22+08:00
HA	reads	1	20909	93.21	2555944	3138.14	32.95	2e247bea52d9d2c650d2fe35be760480fc611ab420782a166340f8df182f8078	2026-09-30T00:26:22+08:00	2026-09-30T00:27:55+08:00
HA	contigs	2	20909	76.79	1741488	2590.28	14.54	7139e0fb59167c04815fdb04de6c1680dd4e3be7f4aa21aee4e5b40d8b81ce8e	2026-09-30T00:27:55+08:00	2026-09-30T00:29:12+08:00
IB	contigs	1	16363	78.76	1687616	2134.70	12.27	017a7aa4ed9814dca6270c179f7c37e9cc0756c86847d40f75f1c1b0d3ece237	2026-09-30T00:29:12+08:00	2026-09-30T00:30:31+08:00
IB	reads	2	16364	94.22	2786912	2884.92	55.49	6b4532833c8cf3b181175dad4e23d7e0c77f094dd45ee304e196a1da2509329d	2026-09-30T00:30:31+08:00	2026-09-30T00:32:05+08:00
JA	reads	1	15833	97.94	2941832	2810.03	35.45	a6cdc2750d47dd57e7abc77b5618c69d9b670352aaee645b242cdca4b6a017f6	2026-09-30T00:32:06+08:00	2026-09-30T00:33:43+08:00
JA	contigs	2	15833	71.62	1689660	1917.04	11.49	61d53e970817a058da0bd17ab5138976615a00b90569be450201c88a884c6839	2026-09-30T00:33:43+08:00	2026-09-30T00:34:55+08:00
KA	contigs	1	27994	106.79	1844676	3267.14	19.87	037e8d2ea11bd3ca121bbcfbfb7edea587c20e52794b213b66e7807757397dff	2026-09-30T00:34:55+08:00	2026-09-30T00:36:42+08:00
KA	reads	2	27994	108.63	2873676	4138.43	31.89	90d778cef8b727fd8a7c727b8fe57f271314bd45109cb3b14b368aefb7ca1d43	2026-09-30T00:36:42+08:00	2026-09-30T00:38:31+08:00
LA	reads	1	24220	118.33	3655584	4273.63	42.26	d9fd8c2339a10d704163fc25ba0a32e4e011f76523137b7f560b1e6810a52bf1	2026-09-30T00:38:31+08:00	2026-09-30T00:40:30+08:00
LA	contigs	2	24220	133.11	1858468	3120.66	18.59	d04a92db3e4dee71992ed8bb644c73afb5a2b7d785cdbe744b9fd89dcf375b32	2026-09-30T00:40:30+08:00	2026-09-30T00:42:43+08:00
LB	contigs	1	54720	173.51	2212300	6168.85	34.67	19d467be52ef6d9b3f1c3b06ef40f85153da21c4c10458a8156f1d6f9b479d7a	2026-09-30T00:42:43+08:00	2026-09-30T00:45:37+08:00
LB	reads	2	54740	506.41	2818156	7246.50	187.83	c38483b3c57249105a30631a3c2317ca448fa4b59007039e5ba8e9c2c7b83112	2026-09-30T00:45:37+08:00	2026-09-30T00:54:03+08:00
MA	reads	1	11644	212.19	3362516	2853.38	117.72	13f01a47964559a6660e6bf3e1e2816adb421425b5d888e120e0a53304230617	2026-09-30T00:54:03+08:00	2026-09-30T00:57:36+08:00
MA	contigs	2	11644	48.64	1654800	1576.54	8.25	88947ad60a301e228d462171c0fd892b5285b274dab2ba80a96905ef235f4407	2026-09-30T00:57:36+08:00	2026-09-30T00:58:24+08:00
OA	contigs	1	10412	39.07	1636576	1223.64	6.55	5d597024843b65b32a67af8148d09697dda691a64e77833664914c8619b9773c	2026-09-30T00:58:25+08:00	2026-09-30T00:59:04+08:00
OA	reads	2	10412	205.64	3434620	2907.28	136.06	609edcc63936d7fce90f71eccac9d7fa972ef557e479ee8981a31076542cc95c	2026-09-30T00:59:04+08:00	2026-09-30T01:02:30+08:00
OB	reads	1	13686	209.89	3444900	3415.44	119.15	7d8b6c872f129551da894aa22177e36bdeaff4ab60fe4d344353c3407c597ed4	2026-09-30T01:02:30+08:00	2026-09-30T01:06:00+08:00
OB	contigs	2	13686	57.51	1699912	1667.69	10.69	4ea1b44eb46d27bf59ce23b4fa56ca81fd9aa15d30ff3fede4eb2f8df1d141da	2026-09-30T01:06:00+08:00	2026-09-30T01:06:57+08:00
PA	contigs	1	11926	74.97	1638452	1513.66	9.17	aeaacf0db579374dfe2aab476e30d7295185ce95a2771967ea7579883c82a431	2026-09-30T01:07:00+08:00	2026-09-30T01:08:15+08:00
PA	reads	2	11926	180.80	3198728	2789.07	91.55	f89f6ee10881d0a467f53085a4a9480786d8df1c6fd3be95db3d7859755b47a6	2026-09-30T01:08:15+08:00	2026-09-30T01:11:15+08:00
PB	reads	1	17326	267.36	2989472	3897.78	130.97	077a13f70abd58f966152b2fac982a3187eb1731de265bcdeb7f0fecd4194536	2026-09-30T01:11:16+08:00	2026-09-30T01:15:43+08:00
PB	contigs	2	17326	69.97	1716836	2185.69	12.24	100b23f327a976bf58c9bceaf732eea8ade9cb5f5538068e9d3439005d2a82a9	2026-09-30T01:15:43+08:00	2026-09-30T01:16:53+08:00
SB	contigs	1	21590	88.15	1751640	2800.50	15.51	2a199ba8832387fdccdb900868987a56c9d5956f9b10b0b73d88c4c3b0e0f735	2026-09-30T01:16:54+08:00	2026-09-30T01:18:22+08:00
SB	reads	2	21590	301.78	3031044	4411.04	149.72	a1eb77f5c0baa03c7449adc3a07dba2e7e1793cc4b98439655d2fc2ffbbfb488	2026-09-30T01:18:22+08:00	2026-09-30T01:23:24+08:00
WC	reads	1	16424	207.23	3163296	3214.20	105.08	0ed12231d7a469f78826511dae4a5eea8d06987349cab34d2cd603e15b21e146	2026-09-30T01:23:25+08:00	2026-09-30T01:26:52+08:00
WC	contigs	2	16424	64.46	1706604	1985.64	11.83	4bd9b28d005f20e4695147e54694fdad7f1e585da613299ea844b0804bf62a2f	2026-09-30T01:26:52+08:00	2026-09-30T01:27:57+08:00
WK	contigs	1	6250	40.66	1688956	981.59	9.16	3de5117e56ee2e0b698a07d5460ccb5c05b0d5a0250fde1cfff193cb9557f30d	2026-09-30T01:28:00+08:00	2026-09-30T01:28:41+08:00
WK	reads	2	3862	75.88	3609640	1366.65	79.85	dd23239ba3d67b8fa41c386ba2e94f183d80b5ac17a3ac8d7101f953e0d4c417	2026-09-30T01:28:41+08:00	2026-09-30T01:29:57+08:00
WL	reads	1	9393	113.34	3615820	2525.01	80.48	94288b1b2e9454e294de0e94d6080446de5b848dc838bab5fd61c7e83b90e17d	2026-09-30T01:29:59+08:00	2026-09-30T01:31:53+08:00
WL	contigs	2	9393	53.94	1715896	1397.25	12.20	714fc2a347787f4931be6d3ac0279a5ddb69c98306527f281f32a5c308d63a07	2026-09-30T01:31:53+08:00	2026-09-30T01:32:47+08:00
XA	contigs	1	13934	71.48	1699904	1859.38	11.66	5ac5e6c2824a86254063af00de129dc2ba3823956ec3aa6a642d7fb5d0b5d7a8	2026-09-30T01:32:47+08:00	2026-09-30T01:33:59+08:00
XA	reads	2	13934	138.96	3621020	2466.68	94.06	65525fbca94f95361ad9906205c8b48f4d445b1978b21df37fa860bf10500079	2026-09-30T01:33:59+08:00	2026-09-30T01:36:18+08:00
XB	reads	1	6589	97.82	3705164	2089.66	82.75	7f4d7b31fd8bfe61c074ff2890fca34513ea62b4ecf85ee470c3b260c050dc70	2026-09-30T01:36:18+08:00	2026-09-30T01:37:56+08:00
XB	contigs	2	6589	42.37	1682064	956.66	7.10	d180f68ff7194351be04fba7c0161be55c3c3bf9f5b71d2a4502152c2f6fcd66	2026-09-30T01:37:56+08:00	2026-09-30T01:38:38+08:00
XG	contigs	1	10603	57.96	1742840	1642.21	11.55	48a45afce653b48f4d9941cbdf067a751e907d4b95c06292baead3d084d885aa	2026-09-30T01:38:39+08:00	2026-09-30T01:39:37+08:00
XG	reads	2	10603	116.62	3596892	2820.72	85.26	7471bfe2e20354ef3adda25456efa59d32c083b54323c0d2cb7717154ddcd459	2026-09-30T01:39:37+08:00	2026-09-30T01:41:34+08:00
XH	reads	1	6046	63.60	3526952	1689.78	55.97	b6aabf1443e7193d22a75c156b8f1814af55f2ca21eb38e1f751b95b66ada5ec	2026-09-30T01:41:37+08:00	2026-09-30T01:42:40+08:00
XH	contigs	2	6046	31.98	1625504	834.58	5.73	039919524c8ee478f651f134522bcac5a0eaf70043aeb7973739881d724f12e0	2026-09-30T01:42:40+08:00	2026-09-30T01:43:12+08:00
ZA	contigs	1	15111	112.07	1734696	1908.67	13.62	7fe936ed1f788bb50c8bed666cd2ce1c4ab7faaac1b3a89de8096300dc1ce611	2026-09-30T01:43:12+08:00	2026-09-30T01:45:05+08:00
ZA	reads	2	15111	95.29	3810888	3322.69	48.15	0f07809f432ebba3069adcc2c8a5f071b5e734da5a21b675a271116648534b2e	2026-09-30T01:45:05+08:00	2026-09-30T01:46:40+08:00
ZB	reads	1	12058	96.21	2945064	2135.26	22.04	50c5139f298403bd6333386a2c9f3b027c7a52863ebc50294368178336cfaa76	2026-09-30T01:46:40+08:00	2026-09-30T01:48:17+08:00
ZB	contigs	2	12058	47.96	1669140	1558.10	9.51	f1f189971a036b544ec56e778cca48426a79af6c421bc1f4f28e2479ea804a10	2026-09-30T01:48:17+08:00	2026-09-30T01:49:05+08:00
ZF	contigs	1	8111	43.05	1656720	1109.91	7.88	852c49391ee5ff7e030a90d9071c084c77abe5b1e9540c1c66b27dc898587d2c	2026-09-30T01:49:05+08:00	2026-09-30T01:49:48+08:00
ZF	reads	2	8111	91.62	3593168	2476.11	99.39	02003762442a68683b308f8e73f4f293ccba6f5471692601bff8bdeaa1a810b1	2026-09-30T01:49:48+08:00	2026-09-30T01:51:20+08:00
